category,symbol,datetime_utc,volatility,open,high,low,close,volume,slot_start,slot_end
high,SOLUSDT,2024-03-05 19:57 UTC,0.10073394495412848,109.0,115.98,105.0,115.52,114081.92,252308623,252308773
high,SOLUSDT,2024-03-05 19:56 UTC,0.08528784648187633,117.25,119.0,109.0,109.34,110021.08,252308472,252308622
high,SOLUSDT,2024-04-12 18:35 UTC,0.07401501561358041,150.51,152.14,141.0,142.03,96189.91,259759592,259759742
high,BTCUSDT,2025-10-10 21:24 UTC,0.06435736848177127,107571.21,108923.0,102000.0,108219.08,447.35706,372524562,372524712
high,SOLUSDT,2024-04-13 20:11 UTC,0.06389644653310247,121.29,127.65,119.9,125.49,85353.87,259953863,259954013
high,SOLUSDT,2024-04-12 18:36 UTC,0.06018844044438196,142.22,150.57,142.01,149.13,60361.69,259759714,259759864
high,BTCUSDT,2024-12-05 22:28 UTC,0.05925637690698017,96192.01,96199.99,90500.0,92656.41,2772.45567,305644352,305644502
high,SOLUSDT,2025-10-10 21:31 UTC,0.058283073107491146,177.41,185.61,175.27,182.74,31931.976,372525617,372525767
high,SOLUSDT,2024-04-13 20:09 UTC,0.05779869540087524,121.11,123.0,116.0,120.55,97021.48,259953600,259953750
high,SOLUSDT,2025-10-10 21:14 UTC,0.05234618275528831,186.26,189.75,180.0,187.39,99851.671,372523042,372523192
high,BTCUSDT,2025-10-10 21:19 UTC,0.052078899487236055,108822.0,109467.33,103800.0,103975.26,902.67966,372523798,372523948
high,BTCUSDT,2025-10-10 21:18 UTC,0.051167322382508325,107973.6,112261.07,106736.35,108635.51,1103.41968,372523646,372523796
high,SOLUSDT,2025-10-10 21:44 UTC,0.05090985589565587,190.14,199.15,189.47,196.82,65971.588,372527575,372527725
high,SOLUSDT,2026-01-31 18:43 UTC,0.04875172007076871,101.74,101.76,96.8,97.2,322208.161,397186437,397186587
high,SOLUSDT,2024-03-05 19:58 UTC,0.04864958448753467,115.52,118.0,112.38,116.36,71357.67,252308768,252308918
high,SOLUSDT,2024-04-13 20:06 UTC,0.04692126641864708,131.71,132.18,126.0,126.7,57423.97,259953222,259953372
high,SOLUSDT,2024-03-05 19:54 UTC,0.04537220026350454,121.44,122.63,117.12,117.35,92041.16,252308176,252308326
high,SOLUSDT,2025-10-10 21:15 UTC,0.04521191416675562,187.34,188.51,180.04,181.94,64360.053,372523197,372523347
high,SOLUSDT,2024-04-12 18:32 UTC,0.04508948333649526,158.13,158.13,151.0,151.02,127391.26,259759203,259759353
high,SOLUSDT,2024-08-05 06:24 UTC,0.04447919381461215,115.11,115.12,110.0,111.45,108089.958,281657024,281657174
high,SOLUSDT,2024-03-05 19:55 UTC,0.04345973583297822,117.35,120.1,115.0,117.25,109909.03,252308322,252308472
high,SOLUSDT,2024-04-13 20:07 UTC,0.04340962904498816,126.7,128.0,122.5,123.62,112832.91,259953440,259953590
high,SOLUSDT,2024-08-05 13:30 UTC,0.04328886468826569,110.19,114.8,110.03,114.79,56202.53,281715548,281715698
high,SOLUSDT,2024-04-13 20:10 UTC,0.04287965497221521,120.57,125.1,119.93,121.21,62716.88,259953731,259953881
high,BTCUSDT,2024-02-28 17:31 UTC,0.042494001993976994,61274.53,61303.8,58700.0,59580.59,1185.07305,251028283,251028433
high,SOLUSDT,2025-10-10 21:32 UTC,0.04196223944123103,183.26,188.95,181.26,185.7,28821.324,372525766,372525916
high,SOLUSDT,2026-01-31 18:44 UTC,0.041053606338100575,97.19,100.39,96.4,100.28,183573.654,397186591,397186741
high,SOLUSDT,2024-08-05 01:14 UTC,0.040463357734695414,124.31,129.2,124.17,128.44,81137.552,281613740,281613890
high,SOLUSDT,2025-10-10 21:40 UTC,0.040428395200179316,178.34,185.23,178.02,181.89,33924.216,372526973,372527123
high,BTCUSDT,2025-10-10 21:20 UTC,0.04024123591625896,104113.85,106189.67,102000.0,104384.6,920.80756,372523952,372524102
high,SOLUSDT,2024-12-09 21:04 UTC,0.03978206754027523,212.91,214.47,206.0,206.89,140892.949,306465336,306465486
high,SOLUSDT,2024-04-13 20:22 UTC,0.03965421524308045,126.09,128.02,123.02,124.04,61766.31,259955302,259955452
high,SOLUSDT,2024-03-05 20:00 UTC,0.03891311640389132,119.24,121.85,117.21,121.51,83106.83,252309060,252309210
high,SOLUSDT,2025-10-10 21:25 UTC,0.038646513225695636,174.66,180.0,173.25,177.09,40363.918,372524714,372524864
high,SOLUSDT,2024-08-05 01:10 UTC,0.03840075853350189,126.56,126.86,122.0,122.82,132752.9,281613168,281613318
high,SOLUSDT,2025-10-10 20:59 UTC,0.03773774276107798,199.27,200.52,193.0,196.84,172090.039,372520789,372520939
high,SOLUSDT,2024-03-05 19:53 UTC,0.03770255093855289,124.66,124.7,120.0,121.43,158828.92,252308029,252308179
high,BTCUSDT,2025-10-10 21:21 UTC,0.037456604505086435,104411.76,107166.0,103255.09,106766.11,679.96494,372524103,372524253
high,SOLUSDT,2025-10-10 21:29 UTC,0.037279684601113215,172.48,177.11,170.68,174.74,34892.188,372525323,372525473
high,SOLUSDT,2024-08-05 14:00 UTC,0.037275693311582446,122.6,127.17,122.6,126.55,98657.608,281719748,281719898
high,SOLUSDT,2024-08-05 05:13 UTC,0.03697151954714317,113.06,116.89,112.71,116.41,137186.141,281646989,281647139
high,SOLUSDT,2025-10-10 21:33 UTC,0.03683558619204052,185.69,188.16,181.32,185.48,29433.272,372525915,372526065
high,BTCUSDT,2025-10-10 21:17 UTC,0.03674353574140013,109022.17,110671.86,106666.0,108066.05,1226.43408,372523497,372523647
high,SOLUSDT,2024-08-05 01:15 UTC,0.03673723536737246,128.48,132.27,127.55,131.55,72976.715,281613882,281614032
high,SOLUSDT,2025-10-10 21:28 UTC,0.03644580080990673,170.39,175.0,168.79,172.48,28449.296,372525168,372525318
high,SOLUSDT,2024-04-13 19:56 UTC,0.036363636363636404,134.75,134.9,130.0,131.59,93253.42,259951919,259952069
high,SOLUSDT,2025-03-02 15:25 UTC,0.036319104268719364,142.9,148.0,142.81,148.0,103368.831,324115536,324115686
high,SOLUSDT,2025-10-10 21:13 UTC,0.03582546298738982,189.53,189.79,183.0,186.25,100796.701,372522893,372523043
high,SOLUSDT,2025-03-02 15:28 UTC,0.03576642335766415,150.7,155.98,150.59,155.7,228702.154,324115988,324116138
high,SOLUSDT,2025-10-10 21:41 UTC,0.03560439560439555,182.0,187.44,180.96,186.17,24525.913,372527122,372527272
high,SOLUSDT,2024-04-13 20:03 UTC,0.03493314784759263,129.39,132.81,128.29,132.02,40533.99,259952827,259952977
high,SOLUSDT,2024-12-09 21:05 UTC,0.03493153998742077,206.69,210.22,203.0,209.58,108948.73,306465477,306465627
high,SOLUSDT,2024-04-12 18:37 UTC,0.033994904116937064,149.14,154.0,148.93,151.99,52646.75,259759844,259759994
high,SOLUSDT,2026-01-31 17:11 UTC,0.033953577594475405,104.26,104.54,101.0,101.35,275244.656,397172599,397172749
high,SOLUSDT,2025-10-10 21:27 UTC,0.033879781420765115,173.85,175.3,169.41,170.4,47222.224,372525016,372525166
high,SOLUSDT,2025-02-03 02:07 UTC,0.033812434605429736,181.59,182.48,176.34,177.58,65531.555,318110690,318110840
high,SOLUSDT,2024-04-12 18:33 UTC,0.03377483443708606,151.0,154.0,148.9,152.91,93710.78,259759332,259759482
high,SOLUSDT,2025-10-10 21:22 UTC,0.03374609549308351,179.28,181.05,175.0,177.14,37882.778,372524257,372524407
high,SOLUSDT,2024-08-05 05:10 UTC,0.033635833818999185,120.11,120.19,116.15,117.8,200893.83,281646560,281646710
high,SOLUSDT,2024-04-13 20:24 UTC,0.033382185311838536,122.82,124.76,120.66,124.66,54245.53,259955572,259955722
high,SOLUSDT,2025-10-10 21:43 UTC,0.033157213715764536,185.48,190.15,184.0,189.58,56526.633,372527424,372527574
high,SOLUSDT,2024-08-05 13:33 UTC,0.032990947075208846,114.88,118.32,114.53,118.32,63320.548,281716280,281716430
high,SOLUSDT,2024-08-05 05:12 UTC,0.03257608229747104,116.65,116.8,113.0,113.07,207900.109,281646845,281646995
high,SOLUSDT,2025-04-07 13:51 UTC,0.03243295575563954,103.29,106.62,103.27,106.62,107243.381,331901787,331901937
high,SOLUSDT,2024-04-13 20:08 UTC,0.03211454457207571,123.62,124.97,121.0,121.0,95296.39,259953480,259953630
high,SOLUSDT,2024-12-09 22:22 UTC,0.03157394198763678,210.3,211.49,204.85,208.25,91375.667,306476528,306476678
high,SOLUSDT,2024-08-05 05:11 UTC,0.03148871159395683,117.82,118.72,115.01,116.66,138812.909,281646704,281646854
high,SOLUSDT,2024-08-05 06:22 UTC,0.031206777316735816,115.68,116.23,112.62,115.61,111063.04,281656732,281656882
high,BTCUSDT,2025-10-10 21:46 UTC,0.025875137294370732,112076.7,113400.0,110500.0,113169.4,402.20824,372527877,372528027
high,BTCUSDT,2024-02-28 17:25 UTC,0.02469314848931142,62677.71,62677.71,61130.0,61333.67,837.70769,251027395,251027545
high,BTCUSDT,2024-08-08 01:44 UTC,0.02389994239494664,56054.11,57381.36,56041.67,57346.54,651.01638,282226055,282226205
high,BTCUSDT,2024-03-05 05:03 UTC,0.02329571038333392,66626.0,66641.1,65089.0,65730.01,899.66304,252177310,252177460
high,BTCUSDT,2024-08-05 01:11 UTC,0.02257234436368561,53162.4,54000.0,52800.0,53490.37,863.86435,281613314,281613464
high,BTCUSDT,2024-08-05 13:37 UTC,0.02254651044692606,51395.98,52436.8,51278.0,52181.34,511.59205,281716541,281716691
high,BTCUSDT,2025-10-10 21:23 UTC,0.021936227179013588,107193.0,108812.94,106461.53,107478.75,360.19041,372524410,372524560
high,BTCUSDT,2025-10-10 22:05 UTC,0.021688476568624458,113210.81,113335.06,110879.69,111644.19,371.55694,372530745,372530895
high,BTCUSDT,2024-03-05 15:05 UTC,0.021227376822375608,68543.09,68554.99,67100.0,67597.08,773.33673,252265832,252265982
high,BTCUSDT,2024-04-12 18:34 UTC,0.021068863133701467,66595.43,67889.9,66486.81,66560.0,534.14548,259759468,259759618
high,BTCUSDT,2025-10-10 21:16 UTC,0.02016402986799628,111096.84,111240.16,109000.0,109000.0,1016.48662,372523346,372523496
high,BTCUSDT,2024-12-05 22:31 UTC,0.019653365791701856,94480.0,96097.79,94240.94,96080.01,664.82172,305644785,305644935
high,BTCUSDT,2025-02-03 02:08 UTC,0.019618355917343806,91261.47,93021.4,91231.0,92507.96,522.86541,318110836,318110986
high,BTCUSDT,2025-10-10 21:26 UTC,0.01916495627717613,107051.64,107051.64,105000.0,106582.03,376.84539,372524864,372525014
high,BTCUSDT,2024-08-05 06:25 UTC,0.018777230814370296,49351.26,50241.22,49314.54,49705.23,1001.04293,281657166,281657316
high,BTCUSDT,2025-01-20 17:06 UTC,0.018189589638016153,103104.58,103276.44,101401.01,103275.53,753.40557,315254050,315254200
high,BTCUSDT,2025-04-09 17:19 UTC,0.01809967838591087,77791.99,79058.0,77649.99,78932.3,881.30615,332367225,332367375
high,BTCUSDT,2024-03-04 00:49 UTC,0.01809513360270783,63435.84,63447.88,62300.0,62404.92,578.42948,251929124,251929274
high,BTCUSDT,2025-01-20 17:05 UTC,0.01752103404732052,104468.72,104880.4,103050.0,103104.58,581.83868,315253903,315254053
high,BTCUSDT,2025-10-10 21:45 UTC,0.01747411425330339,110809.05,112207.44,110271.15,112122.14,392.02459,372527729,372527879
high,BTCUSDT,2024-05-15 12:30 UTC,0.017267182920842884,62661.64,63743.62,62661.63,63630.45,1451.73937,265925996,265926146
high,BTCUSDT,2025-10-10 20:56 UTC,0.017170886981931085,114918.35,115012.25,113039.0,114409.94,924.45999,372520333,372520483
high,BTCUSDT,2024-12-05 22:29 UTC,0.017073076757452694,92656.41,94233.32,92651.39,94115.9,796.10912,305644496,305644646
high,BTCUSDT,2025-01-20 06:56 UTC,0.017024547223921892,109185.87,109588.0,107729.16,107983.8,761.03587,315164353,315164503
high,BTCUSDT,2024-08-27 22:14 UTC,0.016838596241602583,59035.8,59194.08,58200.0,58394.7,577.58902,286224777,286224927
low,BTCUSDT,2025-10-04 08:13 UTC,8.16061260312061e-08,122539.82,122539.83,122539.82,122539.83,1.83069,371095646,371095796
low,BTCUSDT,2025-10-04 06:35 UTC,8.160827058457005e-08,122536.6,122536.6,122536.59,122536.59,1.15727,371080707,371080857
low,BTCUSDT,2025-10-04 04:56 UTC,8.162531673489028e-08,122511.01,122511.01,122511.0,122511.0,0.63356,371065697,371065847
low,BTCUSDT,2025-10-04 04:57 UTC,8.162531673489028e-08,122511.01,122511.01,122511.0,122511.0,1.35335,371065848,371065998
low,BTCUSDT,2025-10-04 06:29 UTC,8.162768884107232e-08,122507.45,122507.46,122507.45,122507.45,2.61649,371079802,371079952
low,BTCUSDT,2025-10-04 04:51 UTC,8.162917461608012e-08,122505.22,122505.22,122505.21,122505.22,2.8704,371064942,371065092
low,BTCUSDT,2025-10-04 04:52 UTC,8.162917461608012e-08,122505.22,122505.22,122505.21,122505.22,3.47136,371065088,371065238
low,BTCUSDT,2025-10-04 06:47 UTC,8.162917461608012e-08,122505.22,122505.22,122505.21,122505.22,0.53092,371082547,371082697
low,BTCUSDT,2025-10-04 04:41 UTC,8.163265968235025e-08,122499.99,122500.0,122499.99,122499.99,3.03802,371063416,371063566
low,BTCUSDT,2025-10-04 06:50 UTC,8.163854444119254e-08,122491.16,122491.16,122491.15,122491.15,0.84536,371083009,371083159
low,BTCUSDT,2025-10-04 06:51 UTC,8.163854444119254e-08,122491.16,122491.16,122491.15,122491.16,1.86456,371083158,371083308
low,BTCUSDT,2025-10-04 06:58 UTC,8.166107107119246e-08,122457.37,122457.37,122457.36,122457.37,0.68801,371084227,371084377
low,BTCUSDT,2025-10-04 14:18 UTC,8.166728661470158e-08,122448.05,122448.06,122448.05,122448.05,1.65957,371150971,371151121
low,BTCUSDT,2025-10-04 05:05 UTC,8.16708349671827e-08,122442.73,122442.73,122442.72,122442.73,0.94975,371067067,371067217
low,BTCUSDT,2025-10-04 05:06 UTC,8.167084163730854e-08,122442.72,122442.73,122442.72,122442.73,0.55537,371067213,371067363
low,BTCUSDT,2025-10-04 08:05 UTC,8.167155534706785e-08,122441.65,122441.65,122441.64,122441.65,1.50243,371094420,371094570
low,BTCUSDT,2025-10-04 06:55 UTC,8.167423020209562e-08,122437.64,122437.64,122437.63,122437.64,1.65729,371083772,371083922
low,BTCUSDT,2025-10-04 13:41 UTC,8.167551099271774e-08,122435.72,122435.73,122435.72,122435.72,1.14854,371145373,371145523
low,BTCUSDT,2025-10-04 07:05 UTC,8.168527178865362e-08,122421.09,122421.1,122421.09,122421.1,1.18001,371085297,371085447
low,BTCUSDT,2025-10-04 09:18 UTC,8.168734019208542e-08,122417.99,122418.0,122417.99,122418.0,1.74923,371105502,371105652
low,BTCUSDT,2025-10-04 09:14 UTC,8.168990263593965e-08,122414.15,122414.15,122414.14,122414.15,2.50944,371104890,371105040
low,BTCUSDT,2025-10-04 07:02 UTC,8.169301248425519e-08,122409.49,122409.5,122409.49,122409.5,1.5838,371084835,371084985
low,BTCUSDT,2025-10-04 07:03 UTC,8.169301248425519e-08,122409.49,122409.5,122409.49,122409.5,0.9791,371084990,371085140
low,BTCUSDT,2025-10-04 23:48 UTC,8.169456082320432e-08,122407.17,122407.17,122407.16,122407.16,0.91303,371237418,371237568
low,BTCUSDT,2025-10-04 07:16 UTC,8.169527506646503e-08,122406.1,122406.1,122406.09,122406.1,1.86286,371086970,371087120
low,BTCUSDT,2025-10-04 13:45 UTC,8.169588241571477e-08,122405.19,122405.19,122405.18,122405.18,0.4917,371145978,371146128
low,BTCUSDT,2025-10-04 13:46 UTC,8.169588241571477e-08,122405.19,122405.19,122405.18,122405.19,0.54288,371146121,371146271
low,BTCUSDT,2025-10-04 09:26 UTC,8.170366517544931e-08,122393.53,122393.53,122393.52,122393.53,1.12795,371106706,371106856
low,BTCUSDT,2025-10-04 09:24 UTC,8.170367196983326e-08,122393.52,122393.52,122393.51,122393.52,1.3078,371106404,371106554
low,BTCUSDT,2025-10-04 04:36 UTC,8.170676271973143e-08,122388.89,122388.9,122388.89,122388.89,2.98672,371062655,371062805
low,BTCUSDT,2025-10-04 09:22 UTC,8.170785759759542e-08,122387.25,122387.25,122387.24,122387.24,0.75924,371106103,371106253
low,BTCUSDT,2025-10-04 13:59 UTC,8.17090793557052e-08,122385.42,122385.42,122385.41,122385.42,0.55998,371148096,371148246
low,BTCUSDT,2025-10-04 23:56 UTC,8.171270490635949e-08,122379.99,122379.99,122379.98,122379.99,0.79474,371238632,371238782
low,BTCUSDT,2025-10-04 23:57 UTC,8.171270490635949e-08,122379.99,122379.99,122379.98,122379.99,0.52947,371238783,371238933
low,BTCUSDT,2025-10-04 23:58 UTC,8.171270490635949e-08,122379.99,122379.99,122379.98,122379.99,0.81438,371238937,371239087
low,BTCUSDT,2025-10-04 13:54 UTC,8.171309217223081e-08,122379.41,122379.41,122379.4,122379.41,1.0105,371147335,371147485
low,BTCUSDT,2025-10-04 04:25 UTC,8.171463447623216e-08,122377.1,122377.11,122377.1,122377.11,1.99223,371060978,371061128
low,BTCUSDT,2025-10-04 13:33 UTC,8.172606090243477e-08,122359.99,122360.0,122359.99,122360.0,0.82704,371144145,371144295
low,BTCUSDT,2025-10-04 09:32 UTC,8.172962116288195e-08,122354.66,122354.66,122354.65,122354.65,1.51227,371107613,371107763
low,BTCUSDT,2025-10-04 09:33 UTC,8.172962784261347e-08,122354.65,122354.66,122354.65,122354.65,0.91936,371107763,371107913
low,BTCUSDT,2025-10-04 14:11 UTC,8.173196569677777e-08,122351.15,122351.15,122351.14,122351.14,0.97729,371149916,371150066
low,BTCUSDT,2025-10-04 23:51 UTC,8.17343573665846e-08,122347.57,122347.57,122347.56,122347.56,4.66085,371237872,371238022
low,BTCUSDT,2025-10-04 23:52 UTC,8.17343573665846e-08,122347.57,122347.57,122347.56,122347.56,1.14044,371238026,371238176
low,BTCUSDT,2025-10-04 23:53 UTC,8.173436404709033e-08,122347.56,122347.57,122347.56,122347.56,2.19204,371238175,371238325
low,BTCUSDT,2025-10-04 23:54 UTC,8.173436404709033e-08,122347.56,122347.57,122347.56,122347.57,0.82341,371238328,371238478
low,BTCUSDT,2025-10-04 13:21 UTC,8.173487164978005e-08,122346.8,122346.81,122346.8,122346.81,1.8851,371142314,371142464
low,BTCUSDT,2025-10-04 08:35 UTC,8.174026992240324e-08,122338.72,122338.73,122338.72,122338.72,4.07764,371098981,371099131
low,BTCUSDT,2025-10-04 22:49 UTC,8.174342369873715e-08,122334.0,122334.0,122333.99,122334.0,1.23074,371228485,371228635
low,BTCUSDT,2025-10-04 07:37 UTC,8.17443124127129e-08,122332.67,122332.68,122332.67,122332.68,1.10474,371090163,371090313
low,BTCUSDT,2025-10-04 07:38 UTC,8.17443124127129e-08,122332.67,122332.68,122332.67,122332.67,4.51689,371090312,371090462
low,BTCUSDT,2025-10-04 13:26 UTC,8.174455297019496e-08,122332.31,122332.31,122332.3,122332.31,1.30976,371143072,371143222
low,BTCUSDT,2025-10-04 21:36 UTC,8.174676482895561e-08,122329.0,122329.0,122328.99,122328.99,0.78945,371217413,371217563
low,BTCUSDT,2025-10-04 09:40 UTC,8.174755349448086e-08,122327.82,122327.82,122327.81,122327.82,2.21624,371108819,371108969
low,BTCUSDT,2025-10-04 09:42 UTC,8.174755349448086e-08,122327.82,122327.82,122327.81,122327.82,0.95519,371109123,371109273
low,BTCUSDT,2025-10-04 09:43 UTC,8.174755349448086e-08,122327.82,122327.82,122327.81,122327.81,0.93523,371109278,371109428
low,BTCUSDT,2025-10-04 09:41 UTC,8.174756017714391e-08,122327.81,122327.82,122327.81,122327.82,2.17124,371108969,371109119
low,BTCUSDT,2025-10-04 09:44 UTC,8.174756017714391e-08,122327.81,122327.82,122327.81,122327.81,0.80795,371109433,371109583
low,BTCUSDT,2025-10-04 21:34 UTC,8.175142282025004e-08,122322.03,122322.04,122322.03,122322.03,0.45004,371217117,371217267
low,BTCUSDT,2025-10-04 07:26 UTC,8.175186392010906e-08,122321.37,122321.37,122321.36,122321.37,0.62716,371088483,371088633
low,BTCUSDT,2025-10-04 07:27 UTC,8.175186392010906e-08,122321.37,122321.37,122321.36,122321.37,0.69224,371088632,371088782
low,SOLUSDT,2025-09-20 17:11 UTC,4.159214740265078e-05,240.43,240.43,240.42,240.43,222.643,368120185,368120335
low,SOLUSDT,2025-09-20 21:41 UTC,4.1616380207330005e-05,240.29,240.3,240.29,240.29,590.201,368161140,368161290
low,SOLUSDT,2025-09-20 21:34 UTC,4.163197335549919e-05,240.2,240.2,240.19,240.2,234.862,368160072,368160222
low,SOLUSDT,2025-09-20 22:51 UTC,4.166666666662877e-05,240.0,240.0,239.99,239.99,319.348,368171796,368171946
low,SOLUSDT,2025-09-20 22:28 UTC,4.1678822990119314e-05,239.93,239.93,239.92,239.92,90.245,368168278,368168428
low,SOLUSDT,2025-09-20 15:57 UTC,4.168751042183969e-05,239.88,239.89,239.88,239.89,185.972,368108982,368109132
low,SOLUSDT,2025-09-20 21:56 UTC,4.1692724619634464e-05,239.85,239.86,239.85,239.86,133.597,368163405,368163555
low,SOLUSDT,2025-09-20 07:58 UTC,4.171707479879574e-05,239.71,239.71,239.7,239.71,240.026,368036408,368036558
low,SOLUSDT,2025-09-20 23:15 UTC,4.172229639515564e-05,239.68,239.69,239.68,239.69,56.475,368175453,368175603
low,SOLUSDT,2025-09-20 22:06 UTC,4.172403721792184e-05,239.67,239.68,239.67,239.68,253.151,368164928,368165078
low,SOLUSDT,2025-09-20 21:01 UTC,4.173274351052043e-05,239.62,239.62,239.61,239.62,71.264,368155064,368155214
low,SOLUSDT,2025-09-20 23:57 UTC,4.175191014985139e-05,239.51,239.51,239.5,239.51,225.304,368181825,368181975
low,SOLUSDT,2025-09-20 00:45 UTC,4.1799030262459894e-05,239.24,239.25,239.24,239.25,763.133,367970812,367970962
low,SOLUSDT,2025-09-20 05:29 UTC,4.180602006685161e-05,239.2,239.2,239.19,239.2,247.132,368013805,368013955
low,SOLUSDT,2025-09-20 06:44 UTC,4.180951584576848e-05,239.18,239.19,239.18,239.19,81.384,368025179,368025329
low,SOLUSDT,2025-09-20 06:30 UTC,4.1809515845887306e-05,239.18,239.18,239.17,239.18,129.219,368023058,368023208
low,SOLUSDT,2025-09-20 19:24 UTC,4.183750313789359e-05,239.02,239.02,239.01,239.02,229.316,368140339,368140489
low,SOLUSDT,2025-09-20 19:59 UTC,4.190236748384382e-05,238.65,238.65,238.64,238.64,142.646,368145643,368145793
low,SOLUSDT,2025-09-20 12:59 UTC,4.207514621109482e-05,237.67,237.67,237.66,237.67,170.266,368082028,368082178
low,SOLUSDT,2025-09-20 10:48 UTC,4.2094628725336354e-05,237.56,237.57,237.56,237.57,253.222,368062180,368062330
low,SOLUSDT,2025-09-20 09:59 UTC,4.2153184673183525e-05,237.23,237.24,237.23,237.24,202.916,368054734,368054884
low,SOLUSDT,2024-12-01 12:06 UTC,4.216918276131959e-05,237.14,237.15,237.14,237.15,419.587,304741220,304741370
low,SOLUSDT,2024-12-01 06:27 UTC,4.2290450816287434e-05,236.46,236.46,236.45,236.46,426.086,304691371,304691521
low,SOLUSDT,2025-01-04 22:57 UTC,4.608507304479886e-05,216.99,217.0,216.99,217.0,1436.874,311913350,311913500
low,SOLUSDT,2025-01-04 03:53 UTC,4.6093569946950475e-05,216.95,216.95,216.94,216.94,139.831,311746413,311746563
low,SOLUSDT,2025-01-04 23:45 UTC,4.61531361055564e-05,216.67,216.67,216.66,216.67,205.475,311920340,311920490
low,SOLUSDT,2025-01-04 22:42 UTC,4.622140050839337e-05,216.35,216.35,216.34,216.34,212.043,311911158,311911308
low,SOLUSDT,2025-01-04 11:43 UTC,4.622353702501112e-05,216.34,216.34,216.33,216.34,130.191,311815141,311815291
low,SOLUSDT,2025-01-04 22:33 UTC,4.622781065084553e-05,216.32,216.32,216.31,216.31,180.16,311909854,311910004
low,SOLUSDT,2025-01-04 12:09 UTC,4.6229947760116983e-05,216.31,216.32,216.31,216.32,132.567,311818923,311819073
low,SOLUSDT,2025-01-04 22:32 UTC,4.6229947760116983e-05,216.31,216.32,216.31,216.32,111.985,311909707,311909857
low,SOLUSDT,2025-01-04 11:49 UTC,4.627273147942865e-05,216.11,216.11,216.1,216.1,1335.776,311816018,311816168
low,SOLUSDT,2025-01-04 11:19 UTC,4.6330615270528657e-05,215.84,215.84,215.83,215.83,445.268,311811639,311811789
low,SOLUSDT,2025-01-04 22:15 UTC,4.6330615270528657e-05,215.84,215.85,215.84,215.85,301.536,311907217,311907367
low,SOLUSDT,2025-01-04 10:54 UTC,4.635423909525484e-05,215.73,215.74,215.73,215.74,473.802,311807960,311808110
low,SOLUSDT,2025-01-04 10:43 UTC,4.638003803172082e-05,215.61,215.61,215.6,215.61,691.512,311806335,311806485
low,SOLUSDT,2025-01-04 19:49 UTC,4.645544922415175e-05,215.26,215.26,215.25,215.26,384.722,311886022,311886172
low,SOLUSDT,2025-09-06 02:58 UTC,4.8995590396819725e-05,204.1,204.1,204.09,204.09,355.455,364949516,364949666
low,SOLUSDT,2025-09-06 03:58 UTC,4.90172050389241e-05,204.01,204.01,204.0,204.01,53.999,364958482,364958632
low,SOLUSDT,2025-09-06 02:42 UTC,4.907975460118236e-05,203.75,203.76,203.75,203.76,110.155,364947114,364947264
low,SOLUSDT,2025-09-06 01:27 UTC,4.908698213229386e-05,203.72,203.72,203.71,203.72,188.36,364935920,364936070
low,SOLUSDT,2025-09-06 01:29 UTC,4.908698213229386e-05,203.72,203.72,203.71,203.72,360.539,364936213,364936363
low,SOLUSDT,2025-09-06 04:29 UTC,4.908698213229386e-05,203.72,203.72,203.71,203.71,60.995,364963113,364963263
low,SOLUSDT,2025-09-06 02:45 UTC,4.912073877600612e-05,203.58,203.58,203.57,203.58,481.353,364947567,364947717
low,SOLUSDT,2025-09-06 04:14 UTC,4.914004914000445e-05,203.5,203.5,203.49,203.5,344.673,364960887,364961037
low,SOLUSDT,2025-09-06 08:55 UTC,4.914487910355271e-05,203.48,203.48,203.47,203.47,679.727,365002947,365003097
low,SOLUSDT,2025-09-06 08:37 UTC,4.9156958167523604e-05,203.43,203.43,203.42,203.42,130.26,365000232,365000382
low,SOLUSDT,2025-09-06 08:48 UTC,4.9171460884058145e-05,203.37,203.37,203.36,203.37,557.122,365001892,365002042
low,SOLUSDT,2025-09-06 08:49 UTC,4.9171460884058145e-05,203.37,203.38,203.37,203.37,120.585,365002042,365002192
low,SOLUSDT,2025-09-06 09:25 UTC,4.918597216069502e-05,203.31,203.31,203.3,203.31,838.32,365007409,365007559
low,SOLUSDT,2025-09-06 05:14 UTC,4.919323101136809e-05,203.28,203.28,203.27,203.27,75.042,364969863,364970013
low,SOLUSDT,2025-09-06 05:15 UTC,4.919323101136809e-05,203.28,203.28,203.27,203.27,347.445,364970017,364970167
low,SOLUSDT,2025-09-06 04:59 UTC,4.920775514216566e-05,203.22,203.23,203.22,203.23,168.116,364967590,364967740
low,SOLUSDT,2025-09-06 09:18 UTC,4.9248953459694186e-05,203.05,203.06,203.05,203.05,643.282,365006365,365006515
low,SOLUSDT,2025-09-06 07:53 UTC,4.92635105178547e-05,202.99,202.99,202.98,202.99,185.737,364993653,364993803
low,SOLUSDT,2025-09-06 10:46 UTC,4.928050463232262e-05,202.92,202.92,202.91,202.91,55.637,365019507,365019657
low,SOLUSDT,2025-09-06 05:38 UTC,4.928536224750777e-05,202.9,202.9,202.89,202.9,303.57,364973437,364973587
low,SOLUSDT,2025-09-06 10:58 UTC,4.929751047567614e-05,202.85,202.85,202.84,202.85,88.146,365021293,365021443
low,SOLUSDT,2025-09-06 12:23 UTC,4.932912391471441e-05,202.72,202.73,202.72,202.73,145.169,365033990,365034140
low,SOLUSDT,2025-09-06 07:17 UTC,4.9333991119976946e-05,202.7,202.71,202.7,202.71,98.779,364988243,364988393
random,BTCUSDT,2024-12-05 22:34 UTC,0.007839673721667006,95844.55,96152.01,95400.62,95480.0,391.67223,305645206,305645356
random,SOLUSDT,2024-02-18 20:20 UTC,0.004357492218763976,112.45,112.48,111.99,112.06,12166.01,249005894,249006044
random,SOLUSDT,2025-03-17 15:54 UTC,0.004086765168186074,127.24,127.67,127.15,127.55,12352.011,327383269,327383419
random,SOLUSDT,2025-03-11 14:36 UTC,0.004003670030861656,119.89,120.23,119.75,120.12,17048.642,326067372,326067522
random,SOLUSDT,2025-10-17 22:10 UTC,0.0031353046110601246,184.99,185.0,184.42,184.64,5658.558,374053807,374053957
random,SOLUSDT,2025-02-11 18:37 UTC,0.002936708860759413,197.5,198.04,197.46,197.99,2355.167,319999560,319999710
random,SOLUSDT,2025-12-15 09:51 UTC,0.002637329515485063,132.71,133.02,132.67,132.77,6180.75,386835820,386835970
random,SOLUSDT,2025-06-24 06:05 UTC,0.0023422430421603984,145.16,145.16,144.82,144.87,4514.088,348833768,348833918
random,SOLUSDT,2025-11-26 15:11 UTC,0.0023393522918341487,136.79,136.88,136.56,136.78,2562.694,382666760,382666910
random,SOLUSDT,2025-09-25 20:48 UTC,0.0023388244864753892,196.68,196.79,196.33,196.36,2034.739,369243243,369243393
random,BTCUSDT,2025-03-09 15:20 UTC,0.002212651484056035,83564.9,83564.9,83380.0,83467.99,35.66536,325638730,325638880
random,SOLUSDT,2024-04-09 17:27 UTC,0.0021515117200769755,176.62,176.75,176.37,176.37,6683.66,259446828,259446978
random,SOLUSDT,2024-08-25 01:08 UTC,0.002130459301961297,159.59,159.59,159.25,159.38,2892.503,285646539,285646689
random,SOLUSDT,2025-10-03 15:00 UTC,0.002039134018829445,230.49,230.49,230.02,230.02,4999.83,370938986,370939136
random,SOLUSDT,2025-10-23 16:17 UTC,0.0019347416858398062,191.24,191.25,190.88,191.04,1801.742,375302810,375302960
random,SOLUSDT,2024-02-24 21:27 UTC,0.0019157088122605636,104.4,104.42,104.22,104.29,2107.54,250234787,250234937
random,SOLUSDT,2024-02-27 10:16 UTC,0.0018859452177818407,111.35,111.42,111.21,111.21,5639.89,250758500,250758650
random,BTCUSDT,2024-11-14 16:01 UTC,0.001837151281469721,88180.0,88204.0,88042.0,88104.01,98.26134,301376824,301376974
random,SOLUSDT,2025-11-13 04:48 UTC,0.0018175916910094197,154.05,154.33,154.05,154.24,2478.115,379738694,379738844
random,BTCUSDT,2025-05-02 09:00 UTC,0.001815882660949111,96636.2,96636.21,96460.73,96512.51,41.21639,337302344,337302494
random,SOLUSDT,2024-02-09 02:53 UTC,0.0018023145513185138,105.42,105.6,105.41,105.47,15698.33,246988807,246988957
random,BTCUSDT,2024-03-07 02:01 UTC,0.0018016278074075248,66378.86,66451.74,66332.15,66440.02,61.74271,252584632,252584782
random,SOLUSDT,2024-08-13 16:57 UTC,0.0017429778105518493,149.17,149.36,149.1,149.32,2771.991,283384499,283384649
random,SOLUSDT,2024-11-16 01:21 UTC,0.001651754989676594,217.95,217.99,217.63,217.63,2234.658,301650494,301650644
random,SOLUSDT,2026-01-11 17:16 UTC,0.0016494549627081051,139.44,139.58,139.35,139.52,3479.156,392829077,392829227
random,SOLUSDT,2025-11-17 13:39 UTC,0.00150332879948463,139.69,139.77,139.56,139.65,4108.309,380685134,380685284
random,BTCUSDT,2025-07-15 08:22 UTC,0.0014768503852193857,116606.26,116728.79,116556.58,116728.79,22.75766,353426211,353426361
random,SOLUSDT,2024-09-04 08:38 UTC,0.0014586212191002436,130.26,130.26,130.07,130.14,1625.431,287716566,287716716
random,BTCUSDT,2024-02-19 17:04 UTC,0.0014490955741329895,51832.33,51889.12,51814.01,51889.11,63.23453,249180858,249181008
random,SOLUSDT,2024-02-09 12:36 UTC,0.0014170996693433301,105.85,105.99,105.84,105.98,6292.14,247074504,247074654
random,SOLUSDT,2024-04-29 13:26 UTC,0.0014005602240896192,135.66,135.85,135.66,135.79,838.094,262900924,262901074
random,BTCUSDT,2026-01-31 21:01 UTC,0.0013965748754604236,78069.57,78170.19,78061.16,78101.1,53.92045,397207235,397207385
random,SOLUSDT,2025-08-06 18:00 UTC,0.0013599006681250503,169.13,169.35,169.12,169.3,1777.751,358298959,358299109
random,BTCUSDT,2024-05-08 15:12 UTC,0.0013042100407164303,62321.25,62321.26,62239.98,62248.0,16.82925,264594800,264594950
random,SOLUSDT,2024-04-07 17:47 UTC,0.0012213401432298833,180.13,180.28,180.06,180.14,3106.74,259446828,259446978
random,BTCUSDT,2024-03-13 18:31 UTC,0.0011960293142290056,72974.8,73047.48,72960.2,73047.47,60.60068,253966135,253966285
random,SOLUSDT,2025-01-30 10:51 UTC,0.001162838988330085,240.79,240.87,240.59,240.59,626.26,317330567,317330717
random,SOLUSDT,2025-08-29 20:27 UTC,0.0011390085673254008,201.93,201.99,201.76,201.77,4259.389,363363620,363363770
random,SOLUSDT,2025-06-03 08:12 UTC,0.0010683089298057407,159.13,159.14,158.97,159.04,1736.666,344301609,344301759
random,SOLUSDT,2025-08-09 17:09 UTC,0.0010542085113467577,180.23,180.36,180.17,180.35,2976.48,358942088,358942238
random,SOLUSDT,2024-12-02 05:53 UTC,0.0010528162835585588,227.96,228.18,227.94,228.17,2064.549,304897500,304897650
random,SOLUSDT,2024-11-17 02:45 UTC,0.0010236367020286566,214.92,214.98,214.76,214.98,1435.967,301857216,301857366
random,SOLUSDT,2024-06-11 11:08 UTC,0.0009715025906734279,154.4,154.48,154.33,154.33,434.91,271197428,271197578
random,SOLUSDT,2024-11-24 10:16 UTC,0.0009464468806688582,253.58,253.65,253.41,253.65,947.363,303315179,303315329
random,BTCUSDT,2025-03-10 20:30 UTC,0.0009257150070176479,79063.21,79122.65,79049.46,79122.65,27.05029,325904252,325904402
random,SOLUSDT,2024-11-18 05:44 UTC,0.0009046796611563404,243.18,243.38,243.16,243.37,1298.022,302080427,302080577
random,BTCUSDT,2025-04-02 19:31 UTC,0.0008806424229124454,86311.99,86388.0,86311.99,86388.0,6.98517,330871051,330871201
random,BTCUSDT,2024-12-28 19:17 UTC,0.0008706858695186403,94913.68,94996.32,94913.68,94996.32,10.2837,310407365,310407515
random,SOLUSDT,2024-10-25 13:29 UTC,0.0008635081457602076,173.71,173.86,173.71,173.85,1597.09,297620632,297620782
random,SOLUSDT,2025-03-17 19:08 UTC,0.0008473923426545353,129.81,129.91,129.8,129.89,661.908,327412386,327412536
random,BTCUSDT,2025-11-12 00:14 UTC,0.0008410059063603526,103007.6,103014.64,102928.01,102928.02,12.59172,379482645,379482795
random,BTCUSDT,2025-01-28 21:42 UTC,0.0008323703678920283,101024.74,101100.01,101015.92,101064.84,12.82319,316998711,316998861
random,BTCUSDT,2024-07-14 14:45 UTC,0.0008319109808401325,59766.01,59815.72,59766.0,59802.01,28.65662,279584429,279584579
random,SOLUSDT,2025-03-27 23:58 UTC,0.0007953723788863717,138.3,138.41,138.3,138.41,551.663,329619042,329619192
random,BTCUSDT,2025-08-01 15:41 UTC,0.0007943469755921693,115037.89,115129.27,115037.89,115121.42,9.20283,357246772,357246922
random,BTCUSDT,2025-12-08 21:21 UTC,0.0007796740805989614,90820.0,90859.09,90788.28,90838.48,5.37526,385390524,385390674
random,BTCUSDT,2024-02-09 05:40 UTC,0.0007790883086531398,46195.02,46195.03,46159.04,46176.84,28.56085,247013168,247013318
random,BTCUSDT,2024-05-17 19:26 UTC,0.0007766974608590033,66860.01,66901.94,66850.01,66890.02,20.36056,266374797,266374947
random,SOLUSDT,2024-09-16 20:11 UTC,0.0007599939200488123,131.58,131.58,131.48,131.49,702.571,290215220,290215370
random,BTCUSDT,2024-04-22 14:45 UTC,0.0007509847241918766,66259.67,66289.76,66240.0,66252.0,17.38825,261622996,261623146
random,SOLUSDT,2025-09-13 01:03 UTC,0.0007380981670562464,243.87,243.97,243.79,243.79,3442.877,366442280,366442430
random,SOLUSDT,2025-02-11 08:24 UTC,0.0007327438815886165,204.71,204.75,204.6,204.71,499.797,319906724,319906874
random,BTCUSDT,2024-10-02 22:14 UTC,0.000732587781248636,60525.17,60562.0,60517.66,60546.0,16.73197,293345202,293345352
random,BTCUSDT,2024-05-24 19:08 UTC,0.0007199675055827651,68836.44,68866.36,68816.8,68857.26,8.79199,267733048,267733198
random,BTCUSDT,2024-09-01 18:56 UTC,0.0007084985642006887,58504.0,58544.0,58502.55,58543.99,4.57102,287204687,287204837
random,BTCUSDT,2024-03-01 06:32 UTC,0.0007020555889173536,61647.54,61647.55,61604.27,61604.28,21.64623,251350647,251350797
random,BTCUSDT,2025-07-12 19:35 UTC,0.0006641392148839716,117475.37,117553.38,117475.36,117553.38,10.99725,352873230,352873380
random,BTCUSDT,2025-03-13 04:38 UTC,0.0006521488285909549,83370.54,83370.54,83316.17,83349.06,15.53868,326413046,326413196
random,SOLUSDT,2024-12-19 12:29 UTC,0.000621236738984973,209.26,209.39,209.26,209.31,1867.368,308463300,308463450
random,BTCUSDT,2024-07-24 07:26 UTC,0.0005881552620806968,66002.98,66041.8,66002.98,66041.8,6.42992,279584429,279584579
random,BTCUSDT,2024-08-02 02:51 UTC,0.0005878637854291415,64300.61,64327.8,64290.0,64290.0,14.08871,281089137,281089287
random,BTCUSDT,2024-06-24 18:55 UTC,0.0005826999037408402,60254.0,60289.11,60254.0,60286.01,9.54346,279584429,279584579
random,SOLUSDT,2024-10-01 07:43 UTC,0.0005747493454243784,156.59,156.66,156.57,156.65,1309.081,293038922,293039072
random,SOLUSDT,2025-12-01 06:14 UTC,0.0005534471853258016,126.48,126.54,126.47,126.52,2150.742,383696986,383697136
random,SOLUSDT,2024-12-15 06:57 UTC,0.0005495260337958719,218.37,218.43,218.31,218.43,1679.644,308319496,308319646
random,BTCUSDT,2025-03-20 21:43 UTC,0.0005478992873757636,84486.33,84532.61,84486.32,84532.61,3.90825,328083834,328083984
random,SOLUSDT,2025-07-06 08:29 UTC,0.0005430724322855481,147.31,147.32,147.24,147.29,291.913,351465027,351465177
random,BTCUSDT,2024-11-02 07:02 UTC,0.0005234807340597396,69763.79,69763.79,69727.27,69727.27,11.43326,299072869,299073019
random,SOLUSDT,2024-06-17 10:52 UTC,0.00048773690078033146,143.52,143.59,143.52,143.55,1992.07,272367756,272367906
random,BTCUSDT,2025-03-06 21:48 UTC,0.00048174314558655857,89196.91,89237.6,89194.63,89237.6,2.9513,325044686,325044836
random,SOLUSDT,2025-08-16 17:51 UTC,0.00047897817988278333,187.9,187.92,187.83,187.83,750.986,360487227,360487377
random,BTCUSDT,2024-05-28 06:32 UTC,0.00046740406085489267,67800.01,67818.69,67787.0,67812.63,17.53146,268391784,268391934
random,SOLUSDT,2024-09-25 07:57 UTC,0.0004670402989057458,149.88,149.91,149.84,149.85,1703.287,291882071,291882221
random,SOLUSDT,2025-06-30 10:55 UTC,0.00046579717859990136,150.28,150.29,150.22,150.27,1298.058,350177593,350177743
random,SOLUSDT,2025-12-06 23:01 UTC,0.0004539264639128633,132.18,132.18,132.12,132.17,356.743,384963206,384963356
random,SOLUSDT,2024-11-09 03:02 UTC,0.0004503602882304593,199.84,199.89,199.8,199.87,1508.547,300298518,300298668
random,BTCUSDT,2025-01-29 16:47 UTC,0.0004325550414526349,101998.58,102038.13,101994.01,102035.8,5.22798,317169495,317169645
random,BTCUSDT,2024-09-22 10:07 UTC,0.00040174306451393036,62751.55,62776.75,62751.54,62776.75,26.07389,291311662,291311812
random,BTCUSDT,2024-03-23 22:20 UTC,0.00040115364446778183,64838.0,64860.98,64834.97,64834.98,6.84795,256031312,256031462
random,BTCUSDT,2025-05-04 08:31 UTC,0.0003970968643462108,95644.17,95644.18,95606.2,95606.21,3.18857,337736544,337736694
random,BTCUSDT,2025-11-26 19:39 UTC,0.0003909645673474596,89854.69,89887.98,89852.85,89874.82,12.43501,382708137,382708287
random,SOLUSDT,2025-06-30 18:29 UTC,0.0003834600881958348,156.47,156.49,156.43,156.45,399.994,350246442,350246592
random,BTCUSDT,2025-06-06 01:21 UTC,0.00037830360481922224,101690.81,101724.68,101686.21,101724.68,4.16318,344898649,344898799
random,BTCUSDT,2025-09-14 14:26 UTC,0.0003669561051715653,115436.15,115436.16,115393.8,115436.16,4.89032,366783512,366783662
random,SOLUSDT,2024-06-03 10:31 UTC,0.0003625377643504669,165.5,165.53,165.47,165.48,351.197,269617684,269617834
random,SOLUSDT,2024-10-05 13:19 UTC,0.0003472463365512283,143.99,143.99,143.94,143.95,877.841,293850555,293850705
random,BTCUSDT,2025-12-06 20:31 UTC,0.0003451682317760499,89434.65,89465.52,89434.65,89465.51,1.3502,384940120,384940270
random,SOLUSDT,2025-06-14 07:00 UTC,0.0003419504855697673,146.22,146.25,146.2,146.2,758.785,346689002,346689152
random,BTCUSDT,2024-12-23 00:59 UTC,0.00032306666316412973,94407.76,94407.77,94377.27,94390.84,5.84757,309198386,309198536
random,BTCUSDT,2025-10-18 02:57 UTC,0.00031552946661250986,106519.37,106552.97,106519.36,106552.96,23.10011,374097151,374097301
random,BTCUSDT,2025-12-04 07:59 UTC,0.0002974036914671031,93408.39,93413.39,93385.61,93397.67,18.04753,384380070,384380220
random,BTCUSDT,2025-10-17 21:52 UTC,0.000293209021661118,107227.26,107258.69,107227.25,107258.68,9.08671,374051080,374051230
random,SOLUSDT,2024-11-10 11:43 UTC,0.0002905146952016766,206.53,206.58,206.52,206.56,4017.03,300562364,300562514
random,BTCUSDT,2025-06-01 00:20 UTC,0.0002718687540188829,104462.17,104490.57,104462.17,104490.55,3.58193,343790027,343790177
random,BTCUSDT,2025-01-18 23:13 UTC,0.00026226668455301365,104511.94,104536.92,104509.51,104536.92,6.34481,314883446,314883596
random,SOLUSDT,2025-10-26 07:24 UTC,0.00025759917568254995,194.1,194.13,194.08,194.09,326.61,375874941,375875091
random,SOLUSDT,2025-12-27 20:05 UTC,0.00024297400178181856,123.47,123.47,123.44,123.45,916.347,389576313,389576463
random,BTCUSDT,2026-01-26 11:55 UTC,0.00022029528676248265,87836.65,87855.99,87836.64,87855.98,4.45386,396045653,396045803
random,SOLUSDT,2025-04-19 23:08 UTC,0.0002148227712137568,139.65,139.65,139.62,139.64,631.395,334593083,334593233
random,BTCUSDT,2024-06-15 06:38 UTC,0.0002112761395744506,66263.99,66264.0,66250.0,66251.85,25.56159,271942163,271942313
random,BTCUSDT,2024-08-23 06:21 UTC,0.00019720857097024216,60899.99,60900.0,60887.99,60887.99,2.02049,285291898,285292048
random,BTCUSDT,2025-04-27 19:57 UTC,0.00018535679223018222,94412.51,94412.51,94395.01,94395.01,2.36841,336310123,336310273
random,BTCUSDT,2025-01-22 06:18 UTC,0.00017605826801005825,105817.24,105818.63,105800.0,105809.32,10.9271,315582306,315582456
random,BTCUSDT,2025-11-27 01:54 UTC,0.00015592285766238354,90685.87,90700.0,90685.86,90700.0,3.81726,382766145,382766295
random,BTCUSDT,2026-01-26 04:08 UTC,0.00013297627334789676,87384.01,87395.62,87384.0,87393.8,10.4847,395975588,395975738
random,BTCUSDT,2024-11-09 11:08 UTC,0.00010186395343298063,76474.55,76474.55,76466.76,76466.77,6.39466,300362996,300363146
random,BTCUSDT,2024-07-23 06:44 UTC,9.013611906019876e-05,66565.99,66570.0,66564.0,66564.01,4.35803,279584429,279584579
random,BTCUSDT,2024-09-29 19:57 UTC,6.336406490470628e-05,65967.99,65972.17,65967.99,65968.0,7.46462,292762757,292762907
random,BTCUSDT,2024-08-18 21:06 UTC,3.512575018551864e-06,59785.2,59785.21,59785.0,59785.0,4.91788,284421978,284422128
random,BTCUSDT,2025-03-22 16:56 UTC,1.188481239201021e-07,84141.0,84141.01,84141.0,84141.0,1.92006,328473446,328473596
