symbol,datetime_utc,volatility,open,high,low,close,volume,slot_start,slot_end
BTCUSDT,2025-10-04 08:13 UTC,8.16061260312061e-08,122539.82,122539.83,122539.82,122539.83,1.83069,371095646,371095796
BTCUSDT,2025-10-04 06:35 UTC,8.160827058457005e-08,122536.6,122536.6,122536.59,122536.59,1.15727,371080707,371080857
BTCUSDT,2025-10-04 04:56 UTC,8.162531673489028e-08,122511.01,122511.01,122511.0,122511.0,0.63356,371065697,371065847
BTCUSDT,2025-10-04 04:57 UTC,8.162531673489028e-08,122511.01,122511.01,122511.0,122511.0,1.35335,371065848,371065998
BTCUSDT,2025-10-04 06:29 UTC,8.162768884107232e-08,122507.45,122507.46,122507.45,122507.45,2.61649,371079802,371079952
BTCUSDT,2025-10-04 04:51 UTC,8.162917461608012e-08,122505.22,122505.22,122505.21,122505.22,2.8704,371064942,371065092
BTCUSDT,2025-10-04 04:52 UTC,8.162917461608012e-08,122505.22,122505.22,122505.21,122505.22,3.47136,371065088,371065238
BTCUSDT,2025-10-04 06:47 UTC,8.162917461608012e-08,122505.22,122505.22,122505.21,122505.22,0.53092,371082547,371082697
BTCUSDT,2025-10-04 04:41 UTC,8.163265968235025e-08,122499.99,122500.0,122499.99,122499.99,3.03802,371063416,371063566
BTCUSDT,2025-10-04 06:50 UTC,8.163854444119254e-08,122491.16,122491.16,122491.15,122491.15,0.84536,371083009,371083159
BTCUSDT,2025-10-04 06:51 UTC,8.163854444119254e-08,122491.16,122491.16,122491.15,122491.16,1.86456,371083158,371083308
BTCUSDT,2025-10-04 06:58 UTC,8.166107107119246e-08,122457.37,122457.37,122457.36,122457.37,0.68801,371084227,371084377
BTCUSDT,2025-10-04 14:18 UTC,8.166728661470158e-08,122448.05,122448.06,122448.05,122448.05,1.65957,371150971,371151121
BTCUSDT,2025-10-04 05:05 UTC,8.16708349671827e-08,122442.73,122442.73,122442.72,122442.73,0.94975,371067067,371067217
BTCUSDT,2025-10-04 05:06 UTC,8.167084163730854e-08,122442.72,122442.73,122442.72,122442.73,0.55537,371067213,371067363
BTCUSDT,2025-10-04 08:05 UTC,8.167155534706785e-08,122441.65,122441.65,122441.64,122441.65,1.50243,371094420,371094570
BTCUSDT,2025-10-04 06:55 UTC,8.167423020209562e-08,122437.64,122437.64,122437.63,122437.64,1.65729,371083772,371083922
BTCUSDT,2025-10-04 13:41 UTC,8.167551099271774e-08,122435.72,122435.73,122435.72,122435.72,1.14854,371145373,371145523
BTCUSDT,2025-10-04 07:05 UTC,8.168527178865362e-08,122421.09,122421.1,122421.09,122421.1,1.18001,371085297,371085447
BTCUSDT,2025-10-04 09:18 UTC,8.168734019208542e-08,122417.99,122418.0,122417.99,122418.0,1.74923,371105502,371105652
BTCUSDT,2025-10-04 09:14 UTC,8.168990263593965e-08,122414.15,122414.15,122414.14,122414.15,2.50944,371104890,371105040
BTCUSDT,2025-10-04 07:02 UTC,8.169301248425519e-08,122409.49,122409.5,122409.49,122409.5,1.5838,371084835,371084985
BTCUSDT,2025-10-04 07:03 UTC,8.169301248425519e-08,122409.49,122409.5,122409.49,122409.5,0.9791,371084990,371085140
BTCUSDT,2025-10-04 23:48 UTC,8.169456082320432e-08,122407.17,122407.17,122407.16,122407.16,0.91303,371237418,371237568
BTCUSDT,2025-10-04 07:16 UTC,8.169527506646503e-08,122406.1,122406.1,122406.09,122406.1,1.86286,371086970,371087120
BTCUSDT,2025-10-04 13:45 UTC,8.169588241571477e-08,122405.19,122405.19,122405.18,122405.18,0.4917,371145978,371146128
BTCUSDT,2025-10-04 13:46 UTC,8.169588241571477e-08,122405.19,122405.19,122405.18,122405.19,0.54288,371146121,371146271
BTCUSDT,2025-10-04 09:26 UTC,8.170366517544931e-08,122393.53,122393.53,122393.52,122393.53,1.12795,371106706,371106856
BTCUSDT,2025-10-04 09:24 UTC,8.170367196983326e-08,122393.52,122393.52,122393.51,122393.52,1.3078,371106404,371106554
BTCUSDT,2025-10-04 04:36 UTC,8.170676271973143e-08,122388.89,122388.9,122388.89,122388.89,2.98672,371062655,371062805
BTCUSDT,2025-10-04 09:22 UTC,8.170785759759542e-08,122387.25,122387.25,122387.24,122387.24,0.75924,371106103,371106253
BTCUSDT,2025-10-04 13:59 UTC,8.17090793557052e-08,122385.42,122385.42,122385.41,122385.42,0.55998,371148096,371148246
BTCUSDT,2025-10-04 23:56 UTC,8.171270490635949e-08,122379.99,122379.99,122379.98,122379.99,0.79474,371238632,371238782
BTCUSDT,2025-10-04 23:57 UTC,8.171270490635949e-08,122379.99,122379.99,122379.98,122379.99,0.52947,371238783,371238933
BTCUSDT,2025-10-04 23:58 UTC,8.171270490635949e-08,122379.99,122379.99,122379.98,122379.99,0.81438,371238937,371239087
BTCUSDT,2025-10-04 13:54 UTC,8.171309217223081e-08,122379.41,122379.41,122379.4,122379.41,1.0105,371147335,371147485
BTCUSDT,2025-10-04 04:25 UTC,8.171463447623216e-08,122377.1,122377.11,122377.1,122377.11,1.99223,371060978,371061128
BTCUSDT,2025-10-04 13:33 UTC,8.172606090243477e-08,122359.99,122360.0,122359.99,122360.0,0.82704,371144145,371144295
BTCUSDT,2025-10-04 09:32 UTC,8.172962116288195e-08,122354.66,122354.66,122354.65,122354.65,1.51227,371107613,371107763
BTCUSDT,2025-10-04 09:33 UTC,8.172962784261347e-08,122354.65,122354.66,122354.65,122354.65,0.91936,371107763,371107913
BTCUSDT,2025-10-04 14:11 UTC,8.173196569677777e-08,122351.15,122351.15,122351.14,122351.14,0.97729,371149916,371150066
BTCUSDT,2025-10-04 23:51 UTC,8.17343573665846e-08,122347.57,122347.57,122347.56,122347.56,4.66085,371237872,371238022
BTCUSDT,2025-10-04 23:52 UTC,8.17343573665846e-08,122347.57,122347.57,122347.56,122347.56,1.14044,371238026,371238176
BTCUSDT,2025-10-04 23:53 UTC,8.173436404709033e-08,122347.56,122347.57,122347.56,122347.56,2.19204,371238175,371238325
BTCUSDT,2025-10-04 23:54 UTC,8.173436404709033e-08,122347.56,122347.57,122347.56,122347.57,0.82341,371238328,371238478
BTCUSDT,2025-10-04 13:21 UTC,8.173487164978005e-08,122346.8,122346.81,122346.8,122346.81,1.8851,371142314,371142464
BTCUSDT,2025-10-04 08:35 UTC,8.174026992240324e-08,122338.72,122338.73,122338.72,122338.72,4.07764,371098981,371099131
BTCUSDT,2025-10-04 22:49 UTC,8.174342369873715e-08,122334.0,122334.0,122333.99,122334.0,1.23074,371228485,371228635
BTCUSDT,2025-10-04 07:37 UTC,8.17443124127129e-08,122332.67,122332.68,122332.67,122332.68,1.10474,371090163,371090313
BTCUSDT,2025-10-04 07:38 UTC,8.17443124127129e-08,122332.67,122332.68,122332.67,122332.67,4.51689,371090312,371090462
BTCUSDT,2025-10-04 13:26 UTC,8.174455297019496e-08,122332.31,122332.31,122332.3,122332.31,1.30976,371143072,371143222
BTCUSDT,2025-10-04 21:36 UTC,8.174676482895561e-08,122329.0,122329.0,122328.99,122328.99,0.78945,371217413,371217563
BTCUSDT,2025-10-04 09:40 UTC,8.174755349448086e-08,122327.82,122327.82,122327.81,122327.82,2.21624,371108819,371108969
BTCUSDT,2025-10-04 09:42 UTC,8.174755349448086e-08,122327.82,122327.82,122327.81,122327.82,0.95519,371109123,371109273
BTCUSDT,2025-10-04 09:43 UTC,8.174755349448086e-08,122327.82,122327.82,122327.81,122327.81,0.93523,371109278,371109428
BTCUSDT,2025-10-04 09:41 UTC,8.174756017714391e-08,122327.81,122327.82,122327.81,122327.82,2.17124,371108969,371109119
BTCUSDT,2025-10-04 09:44 UTC,8.174756017714391e-08,122327.81,122327.82,122327.81,122327.81,0.80795,371109433,371109583
BTCUSDT,2025-10-04 21:34 UTC,8.175142282025004e-08,122322.03,122322.04,122322.03,122322.03,0.45004,371217117,371217267
BTCUSDT,2025-10-04 07:26 UTC,8.175186392010906e-08,122321.37,122321.37,122321.36,122321.37,0.62716,371088483,371088633
BTCUSDT,2025-10-04 07:27 UTC,8.175186392010906e-08,122321.37,122321.37,122321.36,122321.37,0.69224,371088632,371088782
SOLUSDT,2025-09-20 17:11 UTC,4.159214740265078e-05,240.43,240.43,240.42,240.43,222.643,368120185,368120335
SOLUSDT,2025-09-20 21:41 UTC,4.1616380207330005e-05,240.29,240.3,240.29,240.29,590.201,368161140,368161290
SOLUSDT,2025-09-20 21:34 UTC,4.163197335549919e-05,240.2,240.2,240.19,240.2,234.862,368160072,368160222
SOLUSDT,2025-09-20 22:51 UTC,4.166666666662877e-05,240.0,240.0,239.99,239.99,319.348,368171796,368171946
SOLUSDT,2025-09-20 22:28 UTC,4.1678822990119314e-05,239.93,239.93,239.92,239.92,90.245,368168278,368168428
SOLUSDT,2025-09-20 15:57 UTC,4.168751042183969e-05,239.88,239.89,239.88,239.89,185.972,368108982,368109132
SOLUSDT,2025-09-20 21:56 UTC,4.1692724619634464e-05,239.85,239.86,239.85,239.86,133.597,368163405,368163555
SOLUSDT,2025-09-20 07:58 UTC,4.171707479879574e-05,239.71,239.71,239.7,239.71,240.026,368036408,368036558
SOLUSDT,2025-09-20 23:15 UTC,4.172229639515564e-05,239.68,239.69,239.68,239.69,56.475,368175453,368175603
SOLUSDT,2025-09-20 22:06 UTC,4.172403721792184e-05,239.67,239.68,239.67,239.68,253.151,368164928,368165078
SOLUSDT,2025-09-20 21:01 UTC,4.173274351052043e-05,239.62,239.62,239.61,239.62,71.264,368155064,368155214
SOLUSDT,2025-09-20 23:57 UTC,4.175191014985139e-05,239.51,239.51,239.5,239.51,225.304,368181825,368181975
SOLUSDT,2025-09-20 00:45 UTC,4.1799030262459894e-05,239.24,239.25,239.24,239.25,763.133,367970812,367970962
SOLUSDT,2025-09-20 05:29 UTC,4.180602006685161e-05,239.2,239.2,239.19,239.2,247.132,368013805,368013955
SOLUSDT,2025-09-20 06:44 UTC,4.180951584576848e-05,239.18,239.19,239.18,239.19,81.384,368025179,368025329
SOLUSDT,2025-09-20 06:30 UTC,4.1809515845887306e-05,239.18,239.18,239.17,239.18,129.219,368023058,368023208
SOLUSDT,2025-09-20 19:24 UTC,4.183750313789359e-05,239.02,239.02,239.01,239.02,229.316,368140339,368140489
SOLUSDT,2025-09-20 19:59 UTC,4.190236748384382e-05,238.65,238.65,238.64,238.64,142.646,368145643,368145793
SOLUSDT,2025-09-20 12:59 UTC,4.207514621109482e-05,237.67,237.67,237.66,237.67,170.266,368082028,368082178
SOLUSDT,2025-09-20 10:48 UTC,4.2094628725336354e-05,237.56,237.57,237.56,237.57,253.222,368062180,368062330
SOLUSDT,2025-09-20 09:59 UTC,4.2153184673183525e-05,237.23,237.24,237.23,237.24,202.916,368054734,368054884
SOLUSDT,2024-12-01 12:06 UTC,4.216918276131959e-05,237.14,237.15,237.14,237.15,419.587,304741220,304741370
SOLUSDT,2024-12-01 06:27 UTC,4.2290450816287434e-05,236.46,236.46,236.45,236.46,426.086,304691371,304691521
SOLUSDT,2025-01-04 22:57 UTC,4.608507304479886e-05,216.99,217.0,216.99,217.0,1436.874,311913350,311913500
SOLUSDT,2025-01-04 03:53 UTC,4.6093569946950475e-05,216.95,216.95,216.94,216.94,139.831,311746413,311746563
SOLUSDT,2025-01-04 23:45 UTC,4.61531361055564e-05,216.67,216.67,216.66,216.67,205.475,311920340,311920490
SOLUSDT,2025-01-04 22:42 UTC,4.622140050839337e-05,216.35,216.35,216.34,216.34,212.043,311911158,311911308
SOLUSDT,2025-01-04 11:43 UTC,4.622353702501112e-05,216.34,216.34,216.33,216.34,130.191,311815141,311815291
SOLUSDT,2025-01-04 22:33 UTC,4.622781065084553e-05,216.32,216.32,216.31,216.31,180.16,311909854,311910004
SOLUSDT,2025-01-04 12:09 UTC,4.6229947760116983e-05,216.31,216.32,216.31,216.32,132.567,311818923,311819073
SOLUSDT,2025-01-04 22:32 UTC,4.6229947760116983e-05,216.31,216.32,216.31,216.32,111.985,311909707,311909857
SOLUSDT,2025-01-04 11:49 UTC,4.627273147942865e-05,216.11,216.11,216.1,216.1,1335.776,311816018,311816168
SOLUSDT,2025-01-04 11:19 UTC,4.6330615270528657e-05,215.84,215.84,215.83,215.83,445.268,311811639,311811789
SOLUSDT,2025-01-04 22:15 UTC,4.6330615270528657e-05,215.84,215.85,215.84,215.85,301.536,311907217,311907367
SOLUSDT,2025-01-04 10:54 UTC,4.635423909525484e-05,215.73,215.74,215.73,215.74,473.802,311807960,311808110
SOLUSDT,2025-01-04 10:43 UTC,4.638003803172082e-05,215.61,215.61,215.6,215.61,691.512,311806335,311806485
SOLUSDT,2025-01-04 19:49 UTC,4.645544922415175e-05,215.26,215.26,215.25,215.26,384.722,311886022,311886172
SOLUSDT,2025-09-06 02:58 UTC,4.8995590396819725e-05,204.1,204.1,204.09,204.09,355.455,364949516,364949666
SOLUSDT,2025-09-06 03:58 UTC,4.90172050389241e-05,204.01,204.01,204.0,204.01,53.999,364958482,364958632
SOLUSDT,2025-09-06 02:42 UTC,4.907975460118236e-05,203.75,203.76,203.75,203.76,110.155,364947114,364947264
SOLUSDT,2025-09-06 01:27 UTC,4.908698213229386e-05,203.72,203.72,203.71,203.72,188.36,364935920,364936070
SOLUSDT,2025-09-06 01:29 UTC,4.908698213229386e-05,203.72,203.72,203.71,203.72,360.539,364936213,364936363
SOLUSDT,2025-09-06 04:29 UTC,4.908698213229386e-05,203.72,203.72,203.71,203.71,60.995,364963113,364963263
SOLUSDT,2025-09-06 02:45 UTC,4.912073877600612e-05,203.58,203.58,203.57,203.58,481.353,364947567,364947717
SOLUSDT,2025-09-06 04:14 UTC,4.914004914000445e-05,203.5,203.5,203.49,203.5,344.673,364960887,364961037
SOLUSDT,2025-09-06 08:55 UTC,4.914487910355271e-05,203.48,203.48,203.47,203.47,679.727,365002947,365003097
SOLUSDT,2025-09-06 08:37 UTC,4.9156958167523604e-05,203.43,203.43,203.42,203.42,130.26,365000232,365000382
SOLUSDT,2025-09-06 08:48 UTC,4.9171460884058145e-05,203.37,203.37,203.36,203.37,557.122,365001892,365002042
SOLUSDT,2025-09-06 08:49 UTC,4.9171460884058145e-05,203.37,203.38,203.37,203.37,120.585,365002042,365002192
SOLUSDT,2025-09-06 09:25 UTC,4.918597216069502e-05,203.31,203.31,203.3,203.31,838.32,365007409,365007559
SOLUSDT,2025-09-06 05:14 UTC,4.919323101136809e-05,203.28,203.28,203.27,203.27,75.042,364969863,364970013
SOLUSDT,2025-09-06 05:15 UTC,4.919323101136809e-05,203.28,203.28,203.27,203.27,347.445,364970017,364970167
SOLUSDT,2025-09-06 04:59 UTC,4.920775514216566e-05,203.22,203.23,203.22,203.23,168.116,364967590,364967740
SOLUSDT,2025-09-06 09:18 UTC,4.9248953459694186e-05,203.05,203.06,203.05,203.05,643.282,365006365,365006515
SOLUSDT,2025-09-06 07:53 UTC,4.92635105178547e-05,202.99,202.99,202.98,202.99,185.737,364993653,364993803
SOLUSDT,2025-09-06 10:46 UTC,4.928050463232262e-05,202.92,202.92,202.91,202.91,55.637,365019507,365019657
SOLUSDT,2025-09-06 05:38 UTC,4.928536224750777e-05,202.9,202.9,202.89,202.9,303.57,364973437,364973587
SOLUSDT,2025-09-06 10:58 UTC,4.929751047567614e-05,202.85,202.85,202.84,202.85,88.146,365021293,365021443
SOLUSDT,2025-09-06 12:23 UTC,4.932912391471441e-05,202.72,202.73,202.72,202.73,145.169,365033990,365034140
SOLUSDT,2025-09-06 07:17 UTC,4.9333991119976946e-05,202.7,202.71,202.7,202.71,98.779,364988243,364988393
