slot,signature,profit_sol,fee_lamports,protocols,is_mev_tip,signer
324115988,uYLbYMaSXBxM1P5t1WxjV9r4yhWDoFENdJ2W772eoPm93Ux1raiERNQaiht6NVQgwFqD3r5qZDK7B1b9gArcbdt,2.147173,825000,Unknown,No,3shjKDvn5PRHEeNXWfmBdTdY5TvVMPWtbszz6xh4Veud
324115988,xPvoikbSkEHcqNTK86BZBtfejubBYdb9zWNLgEgczXPPfD8ghdoTNC6H6ABZvuVBjuk6Rcf7DsBNQJUe5y7D7R8,0.006783,5000,Unknown,No,7A4Fa6arSNetuf6fvXM7nWPGdQF6mJABkASKPaqLjumm
324115988,3LvNrTbewaHrHp5auSQALERZXfdu7ZMMdEz9f4i9hUG8ikGqMgB5PaqQ59WVWiE34FnFd4j729orCp34GLVTPE7,0.145722,5000,Unknown,No,5P3Vfo356FTbpZGoPZrNShH5EfD7HNrggBnu9HUTVVhN
324115988,2HtLRyPPc8TpjYX6UWDKfdH5dEu67MmKZ1rtmqHHQHh9N2KMdxspxuKZbkCiCpi6CponAfyAY9zLn7wsZpMxAb1Z,0.243456,5000,Unknown,No,HA4xNP5bW1p88U6AEmj3UnZLHEp9TZT2mTKMopVaEKMo
324115988,fxXzdzCj218wes1dPtdk77SzEUj1wwXXXQ4Qq7cYQY4gU7uPEJEnU1vWx5xG5iFMGqEyFsD5YyADj257QmFpVew,0.152365,5000,Unknown,No,GehXumExs7ySEPuKfcCiFq6HtTvbbFovkaPNjZ2qRb5J
324115988,5bxqEQnNDtYhpEtc3R2eMWUYDF5H5K1Qg48y7enfv4KNKAHA7Fc4rCds7wkeo7oYqeuvDE6tdG1zf3MWRpominmT,0.163023,5000,Unknown,No,C8bMKY8vnfPHKfqYKfPTzv7MwKZMeeUmwnX6pS4bZpgh
324115988,3G2zCzxhFMgUd4unW6sGHiMhuV4f5SLnTSFbxrRnLUzSWVe6faM8cc44S63TEhCJC313Yu8Ltf38PAXpYFgRnX9X,0.265554,5000,Unknown,No,359KHDSaBvBm2YnUQJMiLnZBMjrJEUqkTgbJuuJ7PfPF
324115988,5GjJsuYRJUdhTFwgZM7UGXobHFqm5LNaLxhQukCWJMKWEGci53gohNd8hV9jqc2h1ngH7M8fZ1oWoJGMrbZpkD8X,0.2768,5000,Unknown,No,5KkYz2rSvx6dK6A2L1zLEaeKbpGKGuLUqtoJ7YX21gni
324115988,2EpKuSL8p4TPA6pKGvAYdkuvunmQs5RJa9f2KzK4YAJWJzPxTptAz3q9d8xDNuaECKo7oJa4L8VgEcWtFQLSw3Pa,0.093717,5000,Unknown,No,CCdCimqQcbuh2CXzzcYZVpEoJCeJw5tuF8ayxTYYsaUE
324115988,5W81PccMSXgUBvGASoDL2oUEQKYT2ifTZEWRQn4bGQ99hq3i7RKepNCQXKwKU2GJN73NjXNBrfV5e8xdpvg4SBe4,0.053369,5000,Unknown,No,GxkT1BfEyGcpL1M27gvCXJwCgjjHxVbioYsdneSPuxPE
324115988,2nXREk8LNCzn9o1bY63iwDYc2SMtAaVUnPe7BfjHvM8qwzoksMbnhn3TSRrBwUet4Yi56ERFpDggAhD6Jhju6w3s,0.049526,5000,Unknown,No,EPZmEn3XUGkFhdv5EKvu2soYUmWe9AG21bBemqoh7Kp3
324115988,N7w3K8zAD6i9EbbmkUuBxXtqRnStFfEyykxLWZVkF6Ui6esLFCmhrnXZDmpd3jYNxktrBzWhJ11FQ7dScma7v4g,0.200011,5000,Unknown,No,9dWX9Hq5xKYUMZFnvTzq3sGJRGawmQmEBtbAuvgRsWDP
324115988,5ekTWrCYa55inAaoNQNyGZ1iByPZJpn4hWpPfjkzwnifQj3MeV8BDcqiysJMmgMBjLgx14JhBLzTTHmdfHf2cRLL,0.158501,5000,Unknown,No,8b27GMGxJKMoehBfvaCtkFDixo91A5aPgBjaQxeesk1s
324115988,5c4FTwDMEdPDdd6bbpetK7z9LsKkZqVmaK8bQ3WB4VnoSJcEiRhwjU9TXbdgePyyJFgujDHpJubX7yFRMcyZtoba,0.082144,5000,Unknown,No,2jFRtWe6QEembxjGTmAU9THbLGA4VQKqfndGFc72Aj6g
324115988,knyzwUwKveQUQH2ktpbNQ9h3XeX3dFEtrtWng7sRjjfCvBwjC16M7Eg9cVJjJcZM9xwAsrYJ8HDYD8BKWJh3VVF,0.001485,5000,Unknown,No,4mekTmaashbiTbi2BYmCmAhruza1EAL7E52cn2zW1g5H
324115988,ZNjua16eGSmBrQWp3HxN55vbmYYXtA1muFgYNUD2TpiqxgQ1Gr3LLeALYewbjmRWn1SRjvioLnDSUrUvKUKJEM9,0.00217,5000,Unknown,No,216QvBkdiKZvibYoaPbduG4NYn8zChS4JW2m9wRoDsVc
324115988,2Z5rKTpT7a7mYoEVCaM5g4YfzRdDTtcq2uhJ9FEwzR1YUCHAY5gEvfxXN1ZjVMBr9UJ7vwgcqBcn6PddXQVsiMwo,0.001792,5000,Unknown,No,Gn7TfxbcpfaADEhNtxUKXAcbinwu6VAkU5jpnpPhKCk9
324115988,GDxqLmv27qfZcaT6JqxwhvnUToAzL3FQsPdVM1DmXsnLZaFJT7P9Hpdxfkm4ZrdGX6q5awsQJYZTEEFgqhGGNi7,0.003169,5000,Unknown,No,3tUt8vY973SnG7kfMrKBASUd8prT1hz8QZXuzkqkAxJT
324115988,CmCqi5uftDxBTrU9PahZRq4TAUv5P5yQmXkNnuvBfA5eTvJHC7v7yKFM7zfjsKRFDDG7DVx3kxNNgjX5tY3fZQT,1.48813,5000,Unknown,No,HwEPUkmKfQC8kLSEW1SEeLNnbVmubFzQZKSrGJMq6qaB
324115988,67KpWVKq932xJ4EUDHQk4hXQtouaBnVniHKW7j6FZX5e6BJmMRNgADU6zA7iYSpSRi4xiptwuaoBPyTWR3kgf1ZE,2.473563,5000,Unknown,No,13YZNpZshYRXkLupAC53Js8WmA5EPrCNL7G4H2tjNtCb
324115988,2ZrsjqtEz9KLCdgQ6X2QBRPFSYVHifPfSC49vN8JgvHtxcHZDPfDz1L5d4YWS3UcTiiTMAJEmxLAdrECkhUfdd3a,2.357626,5000,Unknown,No,25gzuGMXmG7wz5MU4nypxbKLx3Sv5gfnbgQV1FyRERpk
324115988,4ZHThsx6woDrPPU1vxm8iGS3naHxMnxKf7dW1RtChPB6jNYCyjmPqaYnvLNp3EyJRAJ8NBHHLgTG57XeAv5WEkNh,0.16723,5000,Unknown,No,8jYhxAEeDL9UWVtE3nCCKj1sDSdabjbTjucQNvGEgfLc
324115988,26USHEB231my2uPDPP35gQPnY2KQeYb3w99cVFbzK8vrvnYHnpxPdvf4pgbWU9itSFC4HvVE2fkTdbBDWM8cTaFW,0.00149,5000,Unknown,No,CeCXK8vgby6FwqXEL5TBSj79rz2pxYu4SHu81YsDBUzX
324115988,3xuWLjWLi1AhfD9tTGA2EERmRnwVbsp1gWN59bu8zKfJnvZNQtQY6oVegAUB776QPj2RDeMDiUq844kxHmZhUeEj,0.001631,5000,Unknown,No,5YjtWTwtxDQ1xi3Fq7e7b8V66HTU6Hz1rMbTxNw246f8
324115988,4PTJJMDvGRpQrWvN1m27dNxKhimyWfd7aKXZ1GGLBKY6pFJtanfvfzujcqCx2L4mjpWAJzqrboaZE29UjZJdcghi,0.001285,5000,Unknown,No,Ays8eUNyadoQyBKqjhAYQMv37LRizfTfTkurx9oNHsBF
324115988,2MWTa3AuNTrhqmA3cJnJ9mBpRXzrYNUTqZrWPpTKoHeuq1tkfn3Lr2yw86uTqda5TXay1anKJFNySRxkSCSviRv9,0.001304,5000,Unknown,No,GYtMRrsVU7e6zvYPDiCNzPiNC4Rvrq4N7bHQHnfbK7UF
324115988,3zsBvwgpfxRokhUeMtj8BKuo4e8m2qpDPssARU4dr9mc4ykaFtSpTc8Yg1cwMUJYy5tYVKWqGKV2JaDzcBdWnorY,0.003219,5692,Unknown,No,EjQ3GnHiVNZo1wKTpN8ved6HPo8RtT85HQJgU24W2BY4
324115988,3wc4TaXso3PMhSu93fux6nSDfHTFhwESzDziM2LeMpBGzYvveLjaGSEoYJnxKjJSgoEM4qVguxbZsnS9FLvEsyje,0.13355,105000,Unknown,No,AXV5tzPkyzuG8efyTJXrNXdLVhNV3QQcorc13EewSmJm
324115988,3SJxASY3Rt6UShsb1J2TWCj4jZ22Sxf2be1TkTrkZQti21DQrZwZBfF9enMkQiuN2Y5rvToqbJkrwHi8jUbEvVcN,0.235167,5000,Unknown,No,3ifbrSbrpWLMaKnv6BrQLMEAtyhyf2rmcoKn3EzfQQob
324115988,qCPg4iB3pDy1ZeKtxvoKBXHFoRnWD1tdcVb8PJ66e6hB6WuVoDTzMCJsGnR4yZPRZcQUPfeCqoe5MSc826Sm4wF,0.147586,5000,Unknown,No,Dj8B83YjZxvdeB1qvkHpoykWHmuRMMwkyWD39VAJ6cxo
324115988,2Zt3hCX3w48vJYJjbz6M8rjm3imBBL4D3yTzek8T9u9C9n8AjKnbCq1yRXswZHRMU5rnXmNAvrqk7bJNy43vvTbU,0.364978,5000,Unknown,No,HkPwYW1ZPev9FV35ZiwJgP85XAFve7maF2nf4NFs75P2
324115988,2jdBPabQdFpDGn4TKjbQp9YJYEFu4i3gsk8vgzaFLPXWWf8ThJuEgHsfGZt5z6983WKBXigrf3v1mnqM7HPxvZ1F,0.371733,5000,Unknown,No,4Rxwquq43HnvB2FLJS8WvDKytuxG3QutkWwMYZA2Nob2
324115988,4T8Jmu3frhj4f8iqLGx8vu1kt2VBU6NdXzftVg3MDENW2KtkfPTLs8j6JUUEUaxNKewvnL6SnPXDvmWZTwfZEoQE,0.012466,5000,Unknown,No,8jYhxAEeDL9UWVtE3nCCKj1sDSdabjbTjucQNvGEgfLc
324115988,34gzGGv4D5fkDuAZGGH9bXnr5NsgKWFpGkFJg561up15FjjzZanpVMMaj6Y6Sh2B4UXh5FE9RGsDHwj2bGtBifvA,0.214292,5000,Unknown,No,7Dpe4GsrfgM9sPx6ZjYsfhy3oRDzXDXbYWGGXAvgpcEY
324115988,u7rhwDXCRFec11KYuY1xZThBnyBzEQpp8Xq1EdmzA6YqSo8kRsTdeQCXCEFa5GASXW4Yw4eo5rBRYBZViP75R8J,0.148896,5000,Unknown,No,6pj9NyzQcoc8pPASnqRDUwdPu58iuhcLohmzrPD5DwV6
324115988,3t87dgeMNuFBX4s4J7cSV4VcANo3VtHfem6UWS8LdidPiUTy3mQUGS4T2ihLvdt5mKHC8wi7yFLvcmZgNf3yeBzf,0.234775,5000,Unknown,No,CTfVheAFV7HBkmby2D1sE1a4ggFSyp3Va93arnbf1yt9
324115988,vahamUztVWtEf4dP5KDajVgVVB8B3qsQo1EH1Lyx1eeepKaqPEvgds4d5kHwBCAiFRLvecQpCoemWMp1zHLi1vj,0.367316,5000,Unknown,No,4SnnhePhbrTRULE6KGPqYMVM9nidX5i4EiSW4ma7GUb2
324115988,56GmsVLHLV6hvXUak7WCYPNrjpDqqkqfRWiiPbpQo1hvmpgSxivY4q8EixrD5qzj4NKDpZx3tFqvZQ71FYX1A1va,0.358967,5000,Unknown,No,H1hSFRc2i1hUgXDf4A7qTWftyR1qqimJADdEkNDpULUw
324115988,5HDjv9XQbxNwwgstEsHkWo3C3BHXMuXLFpkymYRWZCR1VgU1moos2zK4nkWAmJRtZ7ofkXDH9K6k7WDGyKzKGatz,0.174575,5000,Unknown,No,3N1nrNAKpkmvm42ji5wmVz4fRRZXdHDWPDUSkWg2ByQg
324115988,5GHnAvdg2rFqJkEaarUpTanryNhZjaZumtVZZ2iaggKkbiuas34NdKtbvHjUSQKNcpWBMRoXoNGkXt59ayLNjsfb,0.154273,5000,Unknown,No,4GiQXw3FnGy8XjVXz3nuqNtpHWRKzAhrLCHgmcVdaizT
324115988,3GSTGdzt18WFZ4R8KhqjvG4YuDX1jhDygqv5mqxRHfxMpMsrH7PTeSFdCN52QdrtF5aDps27tM5QqiDnG4UHUmx5,0.230262,5000,Unknown,No,A3e4qnssSD9117bWDJEDGKpjpRF5cwBgSfu5tHcnVFEp
324115988,2pgWAzprwVLQMXnpFdV5GPGk57L6ZkgjBQzDuBU1H6xffxq2rznY9XbZn6bgXz1o1aKVgSvmEJqAbk3E2ccidWtU,0.047872,5000,Unknown,No,7Dij9A568nze6wNnbwAFaoFNVqoAWX6YivY6MsM4jjct
324115988,2tB8U3GysDY6vu6Y5ZvfrEQcSUee8FSosfkLkKfe1HH93PD6YLmm1NqXQPUuLaUCRi42L5Mcpy2ZHUxc5YuymSDd,0.002522,5000,Unknown,No,4mekTmaashbiTbi2BYmCmAhruza1EAL7E52cn2zW1g5H
324115988,3hk313i5wXPXyCVmXnNShekDGb8vwKLdaU6T9sg25ucbRunhhXkxfQ2Quawy8rkYWUWWsJsbAz9sBmSc36xVWinm,0.001585,5000,Unknown,No,7hgc9gLJ3hQsLVgtQ1veRYcU1Cq6E9jusAFn2NpF7Yd
324115988,gVrVdPAKh7Pk12z4od933t1dy8b3urJqraFT64tidJ6wWuo9K7AjcTxeQhu5aGRMY5wPya3TPWa8Tah8dQFLfJV,0.002476,5000,Unknown,No,8Yg8jbtM3DAPvmffgxgLxQ1nsWCjXDqaSH1qjKEFCijt
324115988,vLjNnYaq939WpnqMhJ16tCpVFysaXJkVT1MRg3QYwcZwqAAk6PhpejGh91yHb38Xeujo9Ua6gnnvqybLE6yvLtX,0.001501,5000,Unknown,No,2exQA7ciSG72kmH1GnL2XYkya1nKEgsrouhZNtfLDtM9
324115988,2H2cLbgDnoxJCzGwCGE5FKpUgnPsRh3HyfwevZJb6q4pSm7JABwCpozLkduaUWgqZv5NVCNpVnS8wcpvNN9KZtzF,0.233023,5000,Unknown,No,qCuMBJxtyhQLaeqEzacgfPZE8dmGhT3Sw5KxFksp8fF
324115988,51xKX4gLfiDo457GZzdvJu7AXXxcRPss7P3ZVCZtXToJEB8GxXjzRUwzvUvKPnxjQSXvV5gQraoXC7uMN6rVmeg5,0.046892,5000,Unknown,No,GTh9GxjNJUYHd7ARWiVPjAgSFvWKyGBnVmExn6ZGAVor
324115988,2vPKHCd2ngVutCfJ8Hq3KLUvN3Whh33BbFkaiyE6DVJ2vrueTpTRxE1aN1zeLEZGdmszsmH7LfVfvexcTgmDfNYe,0.224923,5000,Unknown,No,9zFZWXQqiwjvpFBKRB9oCoEj1mHmWS8VVaQzrws4iTzp
324115988,39AWJ3veKBnL2C24ZK6cdcC4K3mqrpvx5BKYtdZsaULhwfzVxixYNYS8ZqmgYfSZnY8B17CnUPCcrQDzjre9Xq8h,0.032416,5000,Unknown,No,F8v7MBPJhX5Ptgv2koRczCcPu2DmrH5LAsAEGf35r79k
324115988,3RGmcR6QtDP7jQmNN8maLTCyCLuR9N92Fw44WRdCiGzoJkV7UdBEEqLgL2R9biZu6TKQTrVBusBFBwHxZiMCJawP,0.123588,5000,Unknown,No,Go8jQ8ZQLjW3MGY6A5MCotjcZ2qadYaYLggaLo2hPtrA
324115988,2JerArmtLcPDtpPQoq9Jo7MuW66s3Vdoaqi7Fo4xysdJEmLEqRvL8ZaGGq52gFSJgjgrVirnAcjTv6xZ9eerL7DN,0.54352,5000,Unknown,No,9r7ySzb9hN9AakGi4KTdf7Mzbv6Bza4hRMSdM3q7bCFt
324115988,2vSAjv45dpEeCP1VCegwsHLQXQAXM7yvC72FM7Wr7qB1eBymUdFfk3EYgaCYSF8fx2Z9SNgwq2SrBTYyabz6cDkz,0.675298,5000,Unknown,No,5naXSbqWDKqQUEeZeYJDKNZsEd1TEb85ehDUpbeHDX9q
324115988,36423RQzKsosWEGHnfFYASPMQp2ByZzG7kDJsczyctdXb61R6EMGk3KyvAABcQvR1mfjUPUF9Mi2BDA6Wo4CyPRx,0.083522,5000,Unknown,No,ACH1QD9WEhXuekXghkJewqhDqexVmYfzWqVEq6rEFwWs
324115988,2TTx9FmW5eWb6oghSchPrEwQYBZsXfBtESRiXRgdiGqzyVejQU8eWCdknJ3QJHhHmssqnUKKnSdSAboAiTd2QZnh,0.083932,5000,Unknown,No,Bq2BrnrvwwB29AA8o7K7UqjuNrtGhU6pRpp9gA7T3BAX
324115988,3wUr739zLGmsAUV6gnt4yvYVMKiHEoCCxrUUBif2KDm6EfUhKwcN6C2sboSU3bbbmsZnAMFgpcRziDJLBDm4eP2x,0.34936,5000,Unknown,No,BuPJkeces511CGDcZYjLBAY4SF4ZhbdnZ8z2mP8eZELg
324115988,53yUiNaxJ79qRkZjyUByTS6PecdpA2n6bc7WpgKFm53APELSDGNXkUZdfespjQ9q5mZLtZ8oMDNCRJdCbmWmnQbt,0.229688,5000,Unknown,No,CoejmMexMSN9dMBDSJMbDmUk8QCnT7H2TRWfrGY6q9gG
324115988,41dDgA1yKDmb9dcyC2LKUVowDYUuXiCNdxsohXtn2k65pmdT4odty57X2Qh7zWAs2nttexX1PCwN37W6Q4Hw2kYk,0.086611,5000,Unknown,No,33qQjRdxvAiVsrx6YNWA8GC976n8uZbhjLe18q1SSiF1
324115988,64FU8sJkVN7uGYunRH2Mpebrf3eoESQLogfwdeXVg3VjMuT7j9mGT9iSkhrzEmDfox3vKhZcgD1XNfDCGjdz4Uy5,0.19502,5000,Unknown,No,FiUBd61TQEMDMnjVgdHgZMKSdQ95Mc5VsQNpwwayMJVx
324115988,4xz1awedgxrmHz7jw42Tf3USQCZLdYixwuMhzR8H3hiMn7LZApUTmZvwG9Uk8wXDG1NmcjSQEe9igXUpeS2bSuBJ,0.148981,5000,Unknown,No,BYhRmfV6JMAsEzTqHCGPiZYp73HAQu8dvLesxSsdmrFY
324115988,34crs3CHnhPDVPFWY7VyyWY41zxb6aqJWyRjGMDtaqR1KFzxJhhWMVjHzn2CnCsczs2M8Bi8RjSEsZZeCkfdidFh,0.22725,5000,Unknown,No,GZqsjw3xCcSFtx8j31FrPAAiYqrrnFoe7KhTnJhHZSQ4
324115988,5A4KocjhASg7GTVXDbtNUmnwmz6fNhB1SL7VjPnbuC1aR7gbisYbpRJuwqHoKTzLrqLCv2dZn711WfVXwFtsMggS,0.205528,5000,Unknown,No,82JSySD6rfgmfDz52w3mDtRysFPtiUU5W1hg9WfRk2eg
324115988,4JkZvZTkxCyvat925gQfiGvnC39613WTFepktxbCaz7MpJ1DufT8N4DFcU6qWkgvaDBg6XXTDy85zqmu4vPdRWBo,0.253348,5000,Unknown,No,5kXDCVjm6snxXKCssXvBTFiKRrHurGY55E9vf4BFHuoL
324115988,Sp5fh1DKE52QTXYLjJACb3p3grek2ZjNw5RKnUkNyvTit1NQjQcsw5nBJqCZ5HtTjjUKzKcJ8TwWFYc4Ygm3sBJ,0.640694,5000,Unknown,No,6rPZzgRnZy8eR9kLazSekdg8cFGuejfDSKZLTyvH7JKq
324115988,42A7GfCEesCCbZALSTzxmgcVwQ2cqSAnEambdGBuenVkM96Yq6wd6cSynedCrkp5T3fXttwD6Q4kXrFeFYcSD6Um,0.357105,5000,Unknown,No,2QjQW27EUfHXYsTCzojJiA71BtrsNoxt8KcM9wMxpY5Q
324115988,5r1GFYKjYFxhUPkq7YmdyVCtTeWfmjb94G26hHDZJG5BAqH28FEBLvBaJ6ZGfpRcCUaReXmF9no8Q9cT8WFi3teY,2.624436,5000,Unknown,No,CyEeLdaWeRTopYNXXR1z1p2rrATszexy4qFy4bKppsGF
324115988,ukCddmhgfKxnnvkhevfDD5JsvMuz7CW7QQk24ScUNzruANfqU1JLMq8ddiPdVGwyDEKAAnM8RUMeHag6tSnB4sB,2.468646,5000,Unknown,No,CptARYVwnNcU6DPdp4P1pUN2Kc9HMy7cj7NwUA4GkhX7
324115988,4z9Eqe64AhfnRG2g2aXXrj5wtiMZfPvGYd81pCsZdCqoXBxCNZ3Z2d2BReAGEjxFiRAuPFRUzJ9X4sT7f9WDUoBv,0.75785,5000,Unknown,No,6US7DnfwQfSkKeLvBp4U7MCyGVe9oWkg5hYt7fjQyTqu
324115988,51PrDAnP1xSJR1RUhXQzi7CXK7ddpbpTF9fjX76rjzYgY2AxD14xPBC1cmAyyzabXFXjCo1idPx5nqoSpRMxd2DZ,2.551604,5000,Unknown,No,2s5zirTGUVRrNc2V9GWy7RwrSfpchbj1hDAykr7txnra
324115988,9iWTt8gf82VB1gLxpjDY6YNTxb3CFQq7zUiGErJxkrB9xWVSgoXPUJ3SadrCZwjyuLTgY9oFySAZuhRJ94RSxxE,0.200784,5000,Unknown,No,DWRR2E37TJup6q6zSbWGWmMKLMyoJBUR85psJbqZLogL
324115988,4xuBiLCdUhqzRe6xT71gKZDj8VDmnvFXTqh4QxKxMg6WncyUPptJcoWqwtxYPaR6Fu6D1JATMS8pCPafriXCx8Ay,0.254449,5000,Unknown,No,6gEG7iz1LVXSGUbj1uVN6SXyv44P6sDTubHD822ReKU3
324115988,4s68ry9EsDQRb68je8mNkFjaFtsfYNpqtu9w5Bgzv2g43hqLk8w9x6t5oE8yfyBZJpSYp5SwLB5vnGWrCgdcGrSp,0.312508,5000,Unknown,No,C2pBuZi7YpLuUqxJDWrcZCrpTAxKFqZfTJehKToofs5y
324115988,BcQBGBXWL2w3FpPzBvrJ1T6MoSkfJtDuPCQPpw1KLKkpE8XvKqj1V4oX4XcsP14fdFtGFCKSXmpaJn8FMHCCqyp,0.33121,5000,Unknown,No,EJC1z3urPWbVQa24B1gCyVVDjPBSxFB93HTSSqFFjqfq
324115988,VgtkXZV6suX8QS2EieB4joPEXyJHeva6vGsYYCVFNfXBYkuM78MRwrnJ1g9ELf7DtYtBxnBqoUUixWKraaBT4CF,0.299213,5000,Unknown,No,DgddrE7s7yeVJo7UxTeJpsf643TUk6hWHy4BVCu6cY4R
324115988,4RydBqdpnHHqnxUQPzAuScQnqGfiC5YkoVcEPJypg1Yfp1YbEiwXGGRnuZJpYyQw2R6BGc1mZtWxWAdtwmgFafdX,0.053829,5000,Unknown,No,4iqwMNRMaa439yj4ypGAYpEvfdcSANR8WxkGY9LqWs7g
324115988,4N3waepDNjKhP6KMM7ZoU6TpJag5o4pRiS7MR44yemhv1o9UMy2E3SBuGTAiSDUa43jEVqq7mG5CB4DPAzEv2jph,0.220612,5000,Unknown,No,6ytqqCMqrS8DSeEuWESQzr49gApiQDntheEHNAWQuMX5
324115988,5jYg2tw7Z9gEN1FrahnU3gtEiwd9yJNSWmBoiu2naG8mg2MvYugC1UAQpKjnvYc98XazgfdvDqDQDJq5pt3MjSPr,2.30552,5000,Unknown,No,HA4xNP5bW1p88U6AEmj3UnZLHEp9TZT2mTKMopVaEKMo
324115988,3jKiYisxikTugpMRHPQ4om7hicLZfpCCNQo7c9gnZowst2uANvJm44aWi1NixtwM2oiqtvMZq5MxBgductQb2mTB,2.149664,5000,Unknown,No,FF8fd6oJe8THEwUAgX77dME52sCDLARq9HMzFrwqgyQX
324115988,5j4tYYTVwfJEPwsSKZ6xrA3VW4BrRwbM8ThnVVVu7Ps56Y56oxWz5NsVYxxbL5zAc3hNVX5NzoqKQyzHrx8R2mep,0.293118,5000,Unknown,No,7ifVtMjEz8PsVMWsEByG14iw6fftsZBkPKPaoLYWY3Z9
324115988,4DfoeU6ps9AwAyuT8hpkrd4DoE8PqmWjC76nQ1S56TLttiQVbde1XBnxp5CRC34NVrXvtrdordGLwz9xvWKPtYrx,0.343214,5000,Unknown,No,EMTbMu2RxND25Vz2gnGA5HyQFtaN42fQs8rk2GMLA5s1
324115988,5ZBREX6zpbm5H9nBqyomnQYhn9kSXbj6EcqsMuDE3gtM33fmeXESyjLcN8Ee4Sdf7ziQ67ZGyVuXPSjzsGQ7AgWE,0.042349,5000,Unknown,No,82JSySD6rfgmfDz52w3mDtRysFPtiUU5W1hg9WfRk2eg
324115988,MucFh89XvAj9Tq9gcEP3gF9LnHwo4FVTruCSAapuRX7tkrbuxFDJMq9xuFRn9wkEkU3wvvjPrGfPy9PpmDGHUyQ,0.048239,5000,Unknown,No,CjQn1E2CntpsxyoaXx3Xa22ZEPE7niM8xsa9JDHkNexK
324115988,MC68rkrzTPbytJi2VDmmZmHWvNqCH7do5GjkwxFmPtVQDDybtCjkUVfe9EiCoQCk1qXmmYKfFxssRcEN9vjUCmC,0.686623,5000,Unknown,No,BTi82gwYyoUX1w81as9GVuSbUeUeedMGmzqwS1fjqfBS
324115988,5xHdxrR5NS2YuuAToBaDmyyodwhwr4hu16KYLcs4zFNDb1styufrd9zTbT5rHnRjKxXSjTxygvQAenUPwbBem9gi,0.466365,5000,Unknown,No,Enqx9VYTVuqpvQr1Rx3bTB1jkv2S73vzZ6qF5gAg2pgz
324115988,G1CoNgA1GJDZq3LDRbxCWXz2pCSaMX1G837E8imgpnr6nc4dFKKEfBhsKeJsbAs7XxBBZgizBhW3njmDgMjChkD,0.081374,5000,Unknown,No,EPZmEn3XUGkFhdv5EKvu2soYUmWe9AG21bBemqoh7Kp3
324115988,dWET15QRvX2TGS9hMfuhMRFjno4mG7qLFu4JHJTHijAy6CmVD24kAq8UjyurTo16J7uZRgCgu4tsn7LWUkSXWob,0.064508,5000,Unknown,No,CWdwL1LhsUZgd3B9YCGWUf9uAsUvwzVsdYTiZs2Tno5Y
324115988,4fz2DdZhoQsEwBvGZHsXEKxnnjyoroBHk25z64VeRPR6RcASqgzu1fgfkyRVZiSrYBmz5eaCgxx1RV8yqVPQxnDq,0.183391,5000,Unknown,No,Bt5mJiADRxeXck3FL9jUHpb8uFiYTJoMTGabkydJB5uY
324115988,3HhU1KWLrfyLKCtXaz81wYV7SNETSnRZPhSn9gbuzABWouKu3Jq8YVQPMRWiw6nCyeZDdksFfWUxWCtZgXxfre7F,0.170109,5000,Unknown,No,23Q3bmbAk28ZrHQnaUr2jvXWknWxAvZ5m8FRxcTou699
324115988,2MwLiyPS4DzkExnKCpttMvUTa2QKLwHoC9dRM2jqXEdhscZFSFpr9RgHLeQ3adNzzqNHy3gUNz1ZMgVbagjNuXbr,0.374558,5000,Unknown,No,DWRR2E37TJup6q6zSbWGWmMKLMyoJBUR85psJbqZLogL
324115988,3tAJtjTB2M9GpQShh8bAG3ZAnuj7MPYwfcpfCW3VDa31FmXbPuqp32bidSqRH8Bdf1L4A78ARRDeXzaDZV3uKybk,0.466795,5000,Unknown,No,3tCHFNyv3MicCWJdUgGxidfnAtsUxY6gS4A3yLKNZAaX
324115988,2QVjCprj69LSDo7mMeZJwoUuoQe639Q5MYNTNMyKnBQWHNr2vnoDL3uyvzrFizx2eQaJynZF3RLL7xf1Wbi4g2TS,0.136794,5000,Unknown,No,BhQqkPQnhbS5oXVnm9gdr2HMza58ZyzXWGjMQd8h8N6g
324115988,f44Stt4MiGefhCg79GghLqtMAuGTt7iG2SKe7F8wfxEGAY7VqRhxgrmpyLD956K76G4x83N53MH5Ahxmi1zcvwG,0.284563,5000,Unknown,No,2WrRDqM1Q2Ktyjp453so6NfHS4GX2UYX1EFbyBzLUycM
324115988,4ctoYxAV1jVVgCZQ6ngSPJfqRLwxuwoJwHCh33Qj6WsgmenCVuJLixRTZiyC6oDbvLv65zjP8AEf16ZUTsAxBEma,0.139303,5000,Unknown,No,E9FL76BG9smQcMXJEkjn3CDcApKJvEvZ88qjn8JwUPzG
324115988,5wAFEXr42uqGGax9w4nQR6rPTxRqC3DopTQQkNwzDF8yr4t44orJZ8Dxz5KS4VGQJ8Xus3UVuucuehpCwALf6z8a,0.142473,5000,Unknown,No,GtPs134nrqCpJXzizMS2jsmm56B4Ncp9sWhLBsk1jvZh
324115988,2g6N3iiFRuFjJcZK2VVZ1XzHFzD1QpjZdy4W2xBB8CDBokvkKX1VWReeiK7NXqpKQUtK5qp9mNRc8MeA5iE2myNN,0.090005,5000,Unknown,No,GEdF8zqzHj93PtjCkhfmcxPfL2HiUgdAH1PZMJz5LiU2
324115988,2si3QnBrF69YBe8PHswQq2LWedaV9FqrNKvdPr5JAwBK8MK4Wj5p2ypVDV5Ei5zrJXrDmNM1VJmwCTrobm8udjXT,0.227579,5000,Unknown,No,TcU3zkJEM8BrsZfTUq8fJA9Xn8S7xhP64GHfz93U3uA
324115988,5D3hzCitWBSg3Se4L9aYV3MNDufJDZUoauH3HVkackVorFavZxLwwxgS8mzpr9WkfrRMjqthsAwHScia8un2RE4S,0.708988,5000,Unknown,No,EBtv1ti3bYYhVkUQnsP5Ny4LFHRTR7qfnAmD3YsXzdC2
324115988,474S8WZZ892YtbGhSH154fW8fKLiBuZVeVD37f7SVTeqy1U4o9SKei3645U2J4RMWj7zPiy8S4pTtAYFSubRKvsh,0.286195,5000,Unknown,No,5HtSPBdRCgm8eZia36zNPrsKzKjAbStUxExRUgNFgKxt
324115988,4ESw3yJrfz4yMr2LMN6b2DpPavv56ph35jNzDKLEkixX5TC7fPTgmfQ1BeLADznf5maCWrooA5sRuvj9cfsUif6s,0.314672,5000,Unknown,No,664u27YBf5wPQUYMERyxupjPHhhxcfUuP9jL4yaAKjD5
324115988,3qqNJ44tKPh9dMeDEzSHjkLtrfm5LWeo557nuECH98uFnEemWsTZq5shd6jtzNodADMmkpR2QCJXsDPGp86dxMqS,0.55216,5000,Unknown,No,7CjyCT2Go9FTMySQUmKwEZwczH8DSnBNFXivJwY6ADwM
324115988,yX7DTiPLgHoPsa46rDfPo977mL2mAdoqqgTisQdhdAJKGBgBwTjBhmXgfUo4ZxB94hgVxtffhne8CvURi5hje9s,0.084923,5000,Unknown,No,aBD5nVu9qJuy6GBLao7BJA7gA5wG3PMZm1fQHAKEhkh
324115988,3SsrnvnxASfzynhxtqpAkj9t3nXD63yYEa5jEFvr3EPgLSzEiaqgBVXimLEXX2geVMZ9hQ3MpLgKvt2ZJTNQ8QEt,0.096937,5000,Unknown,No,BhdvpAEN9WNV9EfiW9qDahHBnuEht3DGencyxpKG7gbA
324115988,pAebZH5huCwjbkZcKan7ofJAFM987G4LoF1qYrxip992UTuZ4iSkh9SKWGYVCY5z2AfNMJRGXjVLU1yHsj2Mdzc,0.382178,5000,Unknown,No,2AoPk3f3Ajr58mcczhXKJr2ozci6cLh7EN2vHhYtPgrF
324115988,5GxAn2CSGw5rT13FeD2XNGfdeVCdtL1nwcG22St2cN9z62qKBbCx11QvPdmbnsqwzp8BGzC2FvvE9sDrMyp4YPC4,0.182506,5000,Unknown,No,8o918BYsBHomLb9S5BkdKdRXj2Lmxsk9FeFQTGS8HQkZ
324115988,ubtktTzgYEZNZ1gXMpbmhpprtGT8qjdEvrpR6dgufTHd4cYrMEzvUGDpLbAXrQLS6PApPugkjKrpPdRwAdH1zB8,0.00148,5000,Unknown,No,2exQA7ciSG72kmH1GnL2XYkya1nKEgsrouhZNtfLDtM9
324115988,nzPFvK5QKnUKtbZG3uN3DXVMWPv77wRYmsZiiP1tyfTvczkqbe6kPRU6yA5xcpL8PhG2TANJUML3izd5Scq85Yu,0.001828,5000,Unknown,No,3oRQXw4p9kUGyL1SVhUpmimgPGDJdJqm4evUuEAaYURv
324115988,2cr7t4VaJy5CAD49Sa7R8yw9FaAPQP72mzbWBV9AtcvapAekuWG1A8TueRsF6JDJYo1RRUHvcnCAh443miEUxzwa,0.001435,5000,Unknown,No,Bfmjg537L1BHwNCe9CB95H2NC65J5GypD28kZqQcemuy
324115988,p6ZoSR8eifufr3Spxpe2TyZFHL1P4w1rMo3BLLnRzzFdhAHkmv8rB3vYSyYUFvjhbA1vj93YakMVd5RuVmvvTFQ,0.002043,5000,Unknown,No,BssYadbJDKFE4YdzHWSjaDVKEJ1bcaTxEkGP8BHB2FJj
324115988,3mNsEMb4QEDojMfwb53LekvRF7hh38owEyzEDCksvwD5hXNV26nnsWVMbMdYjgnwfqdCqUco54xvMnWUnH5zWJLy,0.414579,5000,Unknown,No,5C21cDJ2KUbdRhXtTrErxmG5HhuNKPg37aU1ap1JDpzA
324115988,4sh7eRjYYJuN3UkV827JoChtu1bvuPLxsQVyGT4YZK59G2rMktdqwr2CxYjj7id43WuX7tBJUvzMxW8yTvmFhmqX,0.23898,5000,Unknown,No,CRhHU9yjdF3LwKRvxrnZEqNAVyYFgYmLcNyNN8vGJVEQ
324115988,3wxX8Tk8kZUwhan84qPSLFkg3gyqnRvoucRmdFMHBMjnTtZ9j5xNYukySpm4Rrkih9w8bKcCHWmvJq5uFA74ucHr,0.300179,5000,Unknown,No,3MBbnBPj9B4vtTRpy6Un2u4r7r3Yjv9aTbtJyhrAJYxb
324115988,2jCJpRTirf9VEo9BKGPPtmttUBKgySDhmJZHrbn3iH5DY3cBFP8gsddMRn4C2tzh6uRryod1ZEbMT5mJFx8aYKsg,0.329856,5000,Unknown,No,2v8mbzKCBqAWVCzGRfGgTrNRTLwmXMUjiKVfMgCmsCyC
324115988,3je5jGFnXeyCzXREGSzg5egNbGM2rQZt58MpPcdzyabpdn2fzzx4mfDUFRhnfRHH7UJ197EjHCheXh3thGUwLAbX,0.09914,5000,Unknown,No,GnjLqgH5kgvksSc63VHRpcVHG4EqqkArpGjum1Z9Lwnd
324115988,21AJt3JbDvEfFzNYNiPn5JLYKBirNsz1CVpoLa62QHg1rj9uBxioerzRJPdNnRyd7UDH1Dm4TuvRi56v7dhuVoTF,0.031731,5000,Unknown,No,8q8vcpEYCtmV1VfUdT6hszVJo2QNaYzX8WsCjFJ77qNQ
324115988,3a4sjzzwM4hPcFGuo5wmy52Q6EDBwyzsyQc5szpSo4wiMgYnypsVcJRVTpXwXijVHwe6ReDCpvge9e9LzB5Fx8vF,0.288809,5000,Unknown,No,2WPdKX5gdzXtzJ8Rm5Li588yz17Q2ZTCi9e7xnnPnH3j
324115988,5wxxVgQZSA6QabBL1Bz799aSQhCrR5b7aXSbqpwy7B3GEX4gaGcSeo1p3UXGsnEAqhCZk3uxFkQqB2Ja87K2MXg,0.576097,5000,Unknown,No,CL3PF6kQuyjka7c6z9BgFNRzPEL52tFabCF3qVW9chTm
324115988,4rN1MTwWaTGEfcq2ExW4c68BaxizWHBZGSmsz6ymTBabh6GvhjbJuTh1oVeDEHXnr2Fyes9EJLa4JnqhXfXnNgmw,0.001792,5000,Unknown,No,EVKzpuur81J1tfJqN39FNkjgbyQngPxThKc7QRG5Vcf
324115988,58zqRmEbko1CJtdHAFSAJGMAY3QCieybo8rNYESVUTEU55wkJKETTtokcaeb5dXmzGZMrLENS7D1ZgYuX1MqeJwY,3.376232,5000,Unknown,No,7hfDXWkKwnwPGchfzuKttdWuxWnWTdtrArp8mxv9SXrm
324115988,HKJdoogRG6Rtoo9ZrUM1R34VgBfLoCggnTWXTr1k5dzTZttcvHBsmD3wRBt6Kg8LUceWdpQis14LXrUGkCyS55F,2.706339,5000,Unknown,No,1VEGEiMF7NcTYfnTBFeuU3fDW2obox6ZwuA78RD1t2x
324115988,3yAJR7CJJM1fQmvNbf7bWpG8TZeLdWgLUEm1JjEqCUq3DmGntpjGJAqd14t6j6Ucsx6bQ3Akd17ZHon78d4NaCMT,2.973271,5000,Unknown,No,6RPYgXCni4ZYSUkzD1ME51EqvDPegVhRjU5KC2ZDxkvG
324115988,2Nmu3hbenYD2YxKRtw7k93hvRhP2kbEZqQGuQj76v8Mw1ueAjPpZoeGXDjKFv5QJoT7WzoCYs3ezrPwhDK7XQ3mJ,0.252106,5000,Unknown,No,4ZNcvUwTJ2vCrBk2mxBQnDMxDHjM9uh5Wz4a4yLH3PW6
324115988,2gvuWkK2pkLftCn1ceczvgaGKuznu7S9ffaNSsiPAng6sDDgvwyaQLu5Qv943DcHGhRKdWmGa2ie8kXHLgDYoP5i,0.299821,5000,Unknown,No,FUxjES4mM3YtTrcG7vQnzwM47AJBXxbAEDfKznnxJHdF
324115988,2to3wEYpm6ynofm9geBVDH9aP9oTKoi8BMfqiKch5Vg1EiwFSNiQBBYBibW4odQfWo1RqnQyB1pp5VK1mwvNo5iF,0.35263,5000,Unknown,No,5E8gSX8MorvSe4maxidiDwdcANvoJg4LtBqJVzRA5xFu
324115988,2otEwsxVMjmkFa9xaXVJVEZEApJhnHf7XLBJXLZqGDDfiqCSaEzK81xQxGufH2JyoFFoWCFLNUcBAA1kb8e6WWKf,0.20132,5000,Unknown,No,8Hg35rA3N23qGwrBqPMK2QXQvUwnouhVBcgEHSSSHY7o
324115988,4R1VDWfa4B7u1wQsjzR5EmC9oSQPrzR42igfLcQPA3JJis6fuXRtMcVUg7QUiqn7d3rEpqBA6tKqwkuAYimgYm2Q,0.000819,5000,Unknown,No,7oX4yfqHzmfCZDJo8bRgYCm4KVebtu8hJt1HoCH1vws8
324115988,2nQQqTfxA8prcUSTo2L3K9X9eSiLPwcYS7iJcp7BTFwPEjEiVnApSb44Lej4sDuvPPjbtgT4yzAY2GHtMyNvLU4e,0.000878,5000,Unknown,No,5reFqbYKGAwY3vKVZNgk1u5UxpRHEHZP4QP5AnDhiBEZ
324115988,2FqBtaSGKXyhQuwucNTkVi3cMBfaZa1xk2e9Ktr8nuHumWr7TCDQLAEfwqBvyDZm63tHdXMTCw1aQXG3GDNxrWw5,0.001118,5000,Unknown,No,BpLxRD7pNHW12pKHPbpy4UTEffi3vTeukdgsDHWx98k4
324115988,2XWDu2yXagpBSvJ4NQzcCme1naNSEemy7xzgb62GDZqn8FgkB7FEvCg2cxUnMv4i1stj8pDEQpKe5i35iAb939K5,0.001499,5000,Unknown,No,9zHivBNBNE7DYpMx5NTrwS9qcCfPxf9mWyKY97ZXJNYF
324115988,5y5LHSoQy54B9Mzx5Y9tKdn33DP9C9134wtrwnkbfHULzwgMFZUt6rw9rL4AbiTugf2tjhBMPgdUHZxijqWavfYm,0.372957,5000,Unknown,No,EMTbMu2RxND25Vz2gnGA5HyQFtaN42fQs8rk2GMLA5s1
324115988,5nSWoZsPs77gV8HGYpFgxqJrfwtikeF28MX6upbZkythJCmbQU8TNay8qRNuAU3Lw1btqxzyPJFUBvhBSM9prrcR,0.104146,5000,Unknown,No,HkPwYW1ZPev9FV35ZiwJgP85XAFve7maF2nf4NFs75P2
324115988,4ZLkE7Bu6aAkStZ49kj7jAJ6SBELY3yRxyJAUMrVkNSHymvoQverTt4kd5p9KH79TotwAdqmj7gcJ72aScVaBFpH,0.796267,5000,Unknown,No,8NqnNaegoijpUp6gC9nLpTcYLkhypixnyZ1B47ABuUCT
324115988,3PZ3X2kWjyEiZtaBaxRzoH8r7FjdpbtFmn8B9rR6ZtUWiVYjHS9AGR6p3ESQ6e4VRHCvgGFzQiqH1gAdBjPvt6DQ,0.233017,5000,Unknown,No,CZ1Ld3MtucPP9ApccjXRZzNcveZmM1sakgfiy2uUA9Lh
324115988,5YXFt6cR21ZDYkvti3FjLLbvKx6DBSfq4aQQMA6PSTA86ZfNwQMVB4Gmz63EpoucMnYqB7hEdXzGacAYFfSuX24i,0.059851,5000,Unknown,No,DoZ94EGxLcJfoSo3Hj6yfLcktrmkWrufFBdsXzW7i4ob
324115988,2GbQVu6fxqB1XErsMdiAJzfxD2GjbdinRsQaQyUvFH2XzfxpDEGpzXdss4tqhh4EVEM59FBNepLvqv18kfGgPviB,0.073078,5000,Unknown,No,5tcCtYT2eKPW4M4QmsR1XTzuAqhsgQ7VLFFHuBmSnt9J
324115988,3sYno3Seu9acLjAcUG7wx1G9d6WNA3RisnfEkBbVfoxHd77ZTwwpJJ9rnPhzjVxTNncaP6FKbXccgPLw25riiXtk,0.001621,5000,Unknown,No,3Q6y2dD2BG754rZFpuBF7zaHvA4JPYJgWUH4TP15C7qh
324115988,5q98SW9ffTfDth7JJioB1srQhQYRyMUW9KdJ49U7gn1rRpdYyoDvw7BYmfsX4rczCce2FuJaK8JePzLnBtXwVdWg,0.000741,5000,Unknown,No,9CJEodRTETTRxDk3meaJRRTpcz9VrfevZQj6BmVWozhM
324115988,2y3DB8iet24xKxGUs8g5EAQTJyAy6nzCp8BR7Enmixi3v6RxSafwbJbdfCSSgD3oqVoi1N5DmSX5yQ4VWnHMuACf,0.00129,5000,Unknown,No,DTicbr3qpW3BDe7xj64bZAzQkwWxDnkTF8Ces4vFnetn
324115988,3Gk2oEipHQzqNDR9VNDobwPX85HSHgeXsxXesNfs4AYxmhWxwZMaaAc8YeFfji57CbNWBZ81VsJujLgrSikBw63t,0.000691,5000,Unknown,No,Gn7TfxbcpfaADEhNtxUKXAcbinwu6VAkU5jpnpPhKCk9
324115988,3JTmsR2ahTVvoTZSV9FvCurnXZtGZpFyWytwAxGLEywWT76HAUyv6HT2DrRDZ5QxF4Bwynoiej1o1wFZjfMuyDng,0.19611,5000,Unknown,No,AfQeUWvrXBRBAJKB7TGXU6Nusah41MFD1mS3t96ERpmf
324115988,mQhwggAHU8PpKsTijwHPo845AmyJDKt1tAYJzE2UmWPduVhZBEwzDweuG5Ak1czBZQyyDgbc9Cgr6LmeevPr213,0.534864,5000,Unknown,No,GFEzwnP7nqdERcYGC2ZK8oMvyAJWQLcAEwkjtrJ1eg4G
324115988,Cfe3ostBF6rYDzrEBrYuvw9HM8QEjkg1TtXGYtn1W7dMtJhjJHMBv7E7Hcw9Emn66TLFAYKWbs4cFmwPmPrpyED,0.130829,5000,Unknown,No,BHVEpSjzb23gxbPawLMWW87AeixD3agnS4JRV4MeedSx
324115988,2ogS4EfnUyrcpqQ7sRydmb8vqYhmGsJmRbhrLB9NiX4AQ2n4MuWivCjx7EgfsvMST9FyXYKTJHyHs3QGxtrZYJNp,0.646537,5000,Unknown,No,Hub4D9YECi8TVh1v9QCQJe9PUShExFmoQiNuqcLZ6V8r
324115988,4XJWcdDjMy7wezwWwXqxigUQWzXYjvyrPNjt4EVKS1KWuCxJnJovYNK61M7koD79E9xRMY4VqjrAzxtPuyQKibwT,0.125326,5000,Unknown,No,DirGP1nb6BexnRQ6zySrtMf9h8VbccyFMroZvEhZrrxp
324115988,4EmWnXeWcX62Y2WHztPQXdNKuLJDmYdRo59fkJmGNUVTpaVfdf5DJNphMzZAq7PBmymfDJ4er1dsABoYDmgmYwVV,0.108205,5000,Unknown,No,C8bMKY8vnfPHKfqYKfPTzv7MwKZMeeUmwnX6pS4bZpgh
324115988,46f5DZC4WG4T7coPcYfBXXkoF94DAG7YX1Eff7VUyhjBqfNddnD27pYPko3HK7vfM5QvoTMnDTy7rgFRa5fZnsti,0.001034,5000,Unknown,No,A7tjYnpTge4A125bAz7fLRC2UkgUGua8PXdcX4qGcYQ1
324115988,5v43TCDoRJarQVgTx7ztUnyLCzMzKb8CjrxQYnma6suJEKMVhrQ6AmQu8BVJrpGJBDiFEooMYX9rU3MUY5AsF74Q,0.001025,5000,Unknown,No,5PXaBcB7csnceZf34nb35DRJJSSjoqhBtoJkGWCZByxS
324115988,47kNi1E6a9gSmE5QB3hn1drqaGKE6qBrRcUKeTLk4JGTMzQwK7Vx2hb8RLav7tdHwo2RF2x7FinCjyFi4LKDzDvi,0.001598,5000,Unknown,No,9vG6t61baNCp75RkEwogEFnJxE99QVfnnu3ZoD4XFXQq
324115988,g41HPNFpTQ5vXvXhJ29TPwqw4WpzuUGZATUX9tEM7PmHKZaBT1C6eMrCzVGVB3ZzP6a5nN9L5yn3bYqLPisqFHn,0.00073,5000,Unknown,No,AaziN8xtAjGXg4yFdpTK3wrEZCds3JQmSUrusCKLAbUF
324115988,3hA9egQcNZJsHgJhzbLYKkniVTKJTjKU7kkFQq8etgcP5kRQVZFUjNo39Gcc2DQ2zo36f9rVPw9V2kiESqMJywjb,0.123228,5000,Unknown,No,5rqBkxC2VG1E7x74VJqRzWvpq9bd9Xr6bwqUTuB2nbFe
324115988,3YhTbnQgRXvseZMzJP1C1tr9D23acR2b2vMKFBpFNtCbQdWhg7KYyRRRKdtKSTqPddFwuLJQrxcQZBVCZWGuUbEw,0.214749,5000,Unknown,No,H9ar52ciFV121djMT5hokC9Dzzq3YfsXW1YySs1Nq4qT
324115988,59ipaGnYkHs4aEGmBD5dLvFHSnBCAZoKgTpqicVdxHpHdUtSMXac22j92bJ6LNZU98Z5sct3moM4BkNwq3Eey9hg,0.241558,5000,Unknown,No,89pEdNRCVBPm3xuj6F2CxC3avTJGFqgyjXaBG8BGgVk2
324115988,MpG1UzMRzaibkemrrg8u1ZMGkqfa85DAqfyaoijTgtXpQFpxGq4RvYeHrbnnc8feqbj3eanTAwU6B5J8zTUFToL,0.159161,5000,Unknown,No,DjFtgJyhHHkMFHK1wDKdHWeKteX4NNiLtiyQwVcWE4sn
324115988,5uEKqrsUGAGcx9tTe3688qAMxhGTxqgZVdsjVKgvDAeVHV2WxWfPW8tAvkcoHXzNfyMEhMrd7xMEqTRGmzFwiJHv,0.497586,5000,Unknown,No,BeFePSfxYankGmrXuKRbfLi6QixBuG1x2r96bm2NEx6d
324115988,3SRqiK25KGdKrxxdnXHPV3CU9vCkWRZ7pKEkCTHNkKJV7ZpFy8i7ZpXRDaY8foGApMM6fFfnDQXGUPeNFyoyFwgq,0.130375,5000,Unknown,No,51dqGumQgiE3icuMHb9bTDCdq87SyaSEbai7j3YgakEF
324115988,23qJZLLT5W8uBVsh7Ue2G2rwHC9Emxs77HPgTC2jnnyESRJPzs7PxbenGQtKL1JwCzvFpH42h2bSgZG9cYi2CnJr,0.035805,5000,Unknown,No,CL3PF6kQuyjka7c6z9BgFNRzPEL52tFabCF3qVW9chTm
324115988,5JVScuVNeuJvVzgwv5Exb5CNETcskFqhqCGSgocZ31BH2FoeCT9EUDKN5BoG9P7vwiFJUuSbAhYHbjwnRRaYZ1x3,0.24834,5000,Unknown,No,5ifbzHG4RUUpZfQWtepSEwcodWsjKPva7G1gwN4oVYDn
324115988,5unbcTXFStEi57SPxbrevzKG1HkSjZbFdKo2HV2Z3Pk12PU37VNdf8TNL6TFqdTb5LRks1TZxM9HsGizPjfhbF9u,0.097407,5000,Unknown,No,5xku1QM79BzVDq8NkQ9gMFbQ5jkV9iQ9VJoMfUBVcDNd
324115988,4GjvTWRrWW2WFF9dgYMvDeoEUDMK6ByXZpitEJ8VJ6KNFjjVcYnv3L5nboNRD5nsoCnrTQYsF5KjJZhVuJYPywWZ,0.728838,5000,Unknown,No,BHVEpSjzb23gxbPawLMWW87AeixD3agnS4JRV4MeedSx
324115988,36ePmoP1BdbjmZMR8rPjdHNHqLGXVBQk36UzHNxauYYYJkgkseh5JFFbwgCBqYRfGJeWeiEuUHiVWtEHvQSwSYxH,0.440558,5000,Unknown,No,B8xccHuYB2dgJ19vwVXaUVj9UeLoyKFBuFYWiaH5Mun
324115988,4hVQdJL3Eu8FXVQmDJAZA3mFfKZHMTVfUgmgRgiecNAtZeiW6JSTvoYdSA5fPGW4K9n8jPaW6ngBE3kbYUCHCBHj,0.018593,25924,Unknown,No,6G1jADMnNHik1pgQHioYoGCnvvEgBUUkzJe7EcyEmN3Y
324115988,66snpsa3MrbSmdRcPqaaUUYrvKvzbrP4sjKhkvc23tuPpQdSF8xb28x9LGvLuqy7W8M4gyvpPiqnb949fSKvVNgB,5.277848,105000,Unknown,No,4CSPR37gm1t1eBeabFPuoyXHbwWoUrpBmqLsg1M1FPD6
324115988,4CsUSFYpag3otmcimgcg5nEnLRTC5zY6dJrE4RoW52CN2cm1mVE5b37C8DHKbCacgJv8KXP5V5rPZGbKrFDAgVNm,0.002148,10000,Unknown,No,4TENgzAog5v3DCCSyCKbpsFFyaGc88XNfLqcMfckD1Gi
324115988,215Y6bdASNy4Ur6PTpo7KwCW36Bx9AZsKx8fdFuDmrDP3L6MrWykDmWojfonWFyiL6vKf7iUNBNzPzBgXW5jgZmP,3.919952,2996082,Unknown,No,DQRoojdw4qt5V6aE7mBWi72r481N1EN3LhT3oTye9iFp
324115988,5vWRdvsC9ZX1a8ghDwiYgvVnd9HSH9GQHh4qPX8kwnvzMvbN5ZdNyT6uhsYDsDsHVE6k2v6fAHT1nvDJa4B76WFY,0.06341,1005000,Unknown,No,1Zm5adjJet9jCeZnUBam7QnX82xtzBSZj9p8peiGwwG
324115989,3AecpuBu4mJ5PFJmXktqWBUPmU3iAC74n8YnbSnQ22TtJVP1Cpt8BuYMAxi4hs2Qzt3F79VP6o1qvGyQsk1xPhyW,0.449575,366590,Unknown,No,HxxLskm28uoK4jTenHvPDUJUKAewcJHGFAq9G8rwpDVz
324115989,5cji2tgvYgoeGHau6bVqxWKaJnsehsVpJhCeyi7trfHjQqvcYqVEfdcoT3npjg1h9QeERsVPj2n1VEDeyS1ZfxvR,0.002034,5000,Unknown,No,4zWi7cpWAPhPfAYY74caLxppPg6vMQwWnNp8Zeazekt7
324115989,39b4NmE1H7Thm8oeUoaNn2JDpNMyymYS5zBBVJhu21gwFeA5s8SCQFkBfe7u9hKKZAUBBKi1B3rNKEmFd2xWr47m,3.064594,305001,Unknown,No,7Ww1ykFb8pRHrihtFPw5gTKbpK3dmPPJiCqjTjcEbXxF
324115989,2UQPcGYtuEv5pyZQG1WLoGMGRMh53QW4cBpkVjcsB9TrHe5T2ct7AasgkcrZwv4weX3EGPpbFZvMtWCfKdArHKrr,0.086529,55000,Unknown,No,EnpV6v8NMk1bYFr1duBru58xoFWcM8uTUFSPNXy374wJ
324115989,32BpGZCbjFdvYtxaD4VuQLPXAPJof1h7HkbpHKheRqHusAnNetmDpVJ7GhiDgQpaxaf7aH7DxbHz3oXowMH4ARPK,0.034595,2005001,Unknown,No,52XcbrT4yM3Eth9EUycEoxckP5s3VBpuhenZbjTzb82j
324115989,4yY2SRJvEuKYugm8zLdDJpSMY3KMJ2ioYS3q8WxUNVJT3GqNHQRgJAtNpeo8ykoncrsfkhjZxsCKYA6t952pX3io,0.602656,230001,Unknown,No,6eMdHkwtFJ1BRYztdSFFnCWsbGvZvUL5bsrGQB96zVuy
324115989,35qXpdhAg3h6GsMdbKTqMieMV2Qa5boyfX2LwfNw9S2DZQfLZvCpokQ82PpzkvYykCFtf4nEaL9zp3oscJCBjZ8X,0.257321,55000,Unknown,No,CSscLWEydp1zSLgBmG77a5jkSxJUUK8Uwf1EH9pg4oCd
324115989,4WAn2RJDUKpbKRweJjLAhssHadyHekWX3M3ZtfbyH4L9xcA6f7LdmwrXKLXLb3oyGvVWRb8pXoa7rtWNyd3LM22P,0.432879,55000,Unknown,No,C2NPcaJJQD4ayNPkND5X8VF7cEWrcUzrPca5Jy9zGGUk
324115989,5wo6ASMwBJhEVM7AdJJC2Du7fmz8RS5FCb5voWASE9JS5zZhTYTCJ2r18H4sgNydCJyprVHec97msGs1JV592uTn,0.018569,35001,Unknown,No,4f142DGtXVJQ76LnLPRyBQFjaidsf73cbjM3Y2WnKoEn
324115989,2MVnk7qrkPHYNyNA2xN5Hv3B8YS47MG4T42XuHH23GnpD1p88iMAX3YPLdLqcgLeuabcoWydiBe1VzcHmgkhYR8a,0.047172,35001,Unknown,No,9EDL1Ea4gP31r77C2dMUtmUeRirBMcprTAaJF8cYGxvF
324115989,3MXj7NUoMa6urz3a3EC4SKZxoB9PQu3tDXcjQo6SBUx8RafoWmekJFp4iwZyQcPj71ti82r2NendTLrJ76rpRAhf,0.013375,20001,Unknown,No,Dar3FGBpfQzYK9wMsDgjbc9Wy2dgqa4hcHATtpnstQJa
324115989,4iRWEHAz5vMuf24NhZMY9JrKLbne5xqESWrX9izwSzCJMEKgwKUoUBsigg9cT9jzZSJJnBVAs7f4jABEPpWr6zdc,0.114192,1000000,Unknown,No,8q7bhxBJ6GS8Mykk7z8qjpC21uJ4NMxQq1MuzYTUpZyD
