actor,trades,net_pnl_sum,net_pnl_abs_sum,size_sum,trade_share,cum_trade_share
9eqX9ZL3eFo2bhMeUWBGAJsuneEfpVRcdBdgzqpXSpY3|0xdb3812cd8d20f27888677ddc97df1241850f8c48,4287,2898.962762,50412.229611999996,1943797.1838780001,0.13950990920628722,0.13950990920628722
vmpGndfgUQwD45rKEsCQMRmZ6XF3J7BUdi8zk3rg7c8|0x65a8f07bd9a8598e1b5b6c0a88f4779dbc077675,3813,208548.59787099998,250123.480305,3255766.1540389997,0.12408474079859416,0.26359465000488136
G1TVaxpCJLnYXYBbi5rj2izPKzZJdiUvpFcBPU587oC|0xe83f75907fb4c575414fa6f5cfe8cef24dc5870c,3046,109788.32603600001,189932.45822600002,2926628.613377,0.09912460542158873,0.3627192554264701
9rx2sFooy7kJXXFBAS1hJJekEhhtDQPyEpEpogdjnit1|0xca74f404e0c7bfa35b13b511097df966d5a65597,2701,-15741.739027999996,1435734.39597,6335540.930966999,0.08789742588434378,0.4506166813108139
GNtg5FPr6qt6o2gbiEyXabauqnHfKw14oeHEFCsVi3cT|0x3caf0c97d0e5de434769cd98fb264a61b995a85c,1574,3517.489472,5339.933598,241992.114014,0.05122197272934362,0.5018386540401575
FCyV4qbgpQNqzu4qvYgoysHpgSQsFEK3id3ygksjqdK9|0xac18d21721d4702fce58ae775ed9c1bd18faac88,1324,-43414.20449999999,325242.14884599997,1773764.2375699999,0.043086335383513946,0.5449249894236714
Fnx1GHgzaAokoRihKor9HdBRB2FVZMF8tiZqwp3tNDrW|0xec23eb9276e89e779cb8a148b9f19a31a186039d,1264,985.2311259999997,7458.643840000001,170157.27393,0.041133782420514825,0.5860587718441862
2mK6juHuDZaDYaxyiXnXDdUdgSLiDfJGNtvgiys8Xddb|0xd9f76930d7df99aef4dc4cff48ee236d4583c28a,1074,1210.21877,1646.1436479999998,122611.73743,0.034950698037684275,0.6210094698818704
ELoHs26hBmvXeNxnb1daKEaUs3XugfEHreQ1zNioNJJy|0x655bb677eb340298232b309b90349d7d6331d97c,1017,18288.834130000003,27447.967947999998,511629.0,0.03309577272283511,0.6541052426047056
CxXKgmq7G6RQzpEY9jjeiM7JQwCcQxWAVFdrxF6exCu8|0x9f642617d302c15529cc29e1097f48b12c2105f2,989,1272.152767,1987.7598690000002,103758.04000000001,0.032184581340102186,0.6862898239448078
DiEife6EVgfpjkSMxLHBxoireLBbvsh7YvCsnBnAx8LD|0xc8d5cf84e1aa38ffa9e5e532fc97b2f6e1c4740c,982,8112.557728,42930.261589999995,1101891.490489,0.03195678349441895,0.7182466074392267
5zWiJhY52NPVghNK8Sx1zBqE8DC4VAEg2Foxva9SvSS1|0xa01f9b15081bf213beeb91d67cad13f9fd5d170b,900,11514.739091,16147.379817000001,129807.714991,0.02928829444498682,0.7475349018842136
CabRmB8nLMwxMs6cjJFndzKw7hdosPz8vzYAsRqgNMR6|0xb132ab8f8157d729c0d92d0559ea99faafbf88b2,705,33308.446662,39439.371386,302933.22043700004,0.022942497315239677,0.7704773991994532
HLW3JWpmdWLonscYV5KT2mPyczqhoYkjgaSkrCPX7N5x|0xc4438d934e3d2ddd1c6afdd6ea0901080774f709,652,622.821222,835.270992,70048.68,0.021217742197923786,0.7916951413973771
Akvebb6jztFQU5nJurEEHSsLNmnX77gLFiaqKnBDiwFc|0xa6948d871c8b83151b6f7eea3ab075ac737df291,487,15055.952375999997,24360.316928,113043.643963,0.015848221549676203,0.8075433629470533
8J8qLncMzwQ7esqDBA1Yt5BnH23xLVGiszA8g1K1XFeG|0xa311f7ca3eb2fb98123a807f9b8e4bbbdbdcb2ee,470,8514.951397,22214.353525,671582.345996,0.015294998210159784,0.8228383611572131
AQFnRFkK8Jrxi91h2HCxQrdtdayWPSHKvAURR85ZeLWG|0x49719d256a5ea16bfa579ea16e95bea9fa41a452,453,480.70723799999996,714.96082,62124.0,0.014741774870643366,0.8375801360278564
CFCPokzrKCCfpRg7xdXVyMrJhoiXW4FdYCyhLd4Pw54u|0xf784cab7ab13a37e14a4fb1182aac824abfc2918,421,1454.9254299999998,1962.6690359999998,84434.944937,0.013700413290377168,0.8512805493182336
5PQRrdAS5QjBvhRcCTakwoyoxB2rc67vAFNXS2QQxmAF|0x6722b2c28d7d299b56a5febedbbe865a84ee0d7d,403,1251.178891,1846.240065,71805.644822,0.013114647401477431,0.864395196719711
yo4hfX4vajeyDCakVNsAbVC2GUJ4tRShJ2CVrrnqwgk|0xfdff0b569f14af593d446e51b3e42f502124ac85,348,-6771.215753,32358.966160999997,174897.684381,0.011324807185394904,0.8757200039051058
94nieXtciSYiwYKH1uwrvmjewm87hZgmmvdhiqK8Nugv|0xaab44a9bb59ecb56a9fd124c9759db99cea88888,324,668.2924859999999,1523.00463,228190.0,0.010543786000195255,0.8862637899053011
AU5GxxwKGtYTZEKew91NyKT7cfCmfaFoTgjeMRD1KKD5|0x45d11f7ebbc79f18467dd534e2865d0dba6aa435,304,-821.1630340000002,7980.078824,289214.821179,0.009892935012528881,0.8961567249178299
G34HnRkcki12KSHGJMpGqvD9pybyZ72Xq7YZ5XeUyCa9|0xa01f9b15081bf213beeb91d67cad13f9fd5d170b,253,4562.8306919999995,4783.117058,28944.484803000003,0.008233264993979628,0.9043899899118095
EfnhzaPXHudiK8dBAFUDqnTbHJJfhZxhG8365vdiPJm6|0x6df7794cf76faa1831a00e8a812a1cd0e65082b1,180,3502.309902,5376.434486,24989.009964000004,0.005857658888997364,0.9102476488008069
CiqsxULxtYZSNV7XT18SeEJH95QWFHDiDHbeXKX23WS3|0x1c6df9f31fb3c83be11a5ee181b9994cd7dc3069,175,3791.8031730000002,5218.280135000001,113615.32659099999,0.005694946142080771,0.9159425949428877
7ZayL7882TFLYKsqZFxUP9CuEyndA3TYH6n4BohTfmND|0x000000431ddc2612c8db1f76a49ba0f78b754443,167,0.0,0.0,78695.032147,0.005434605747014221,0.9213772006899019
9XQLDx1MV5Ssv48DfFfBwFErh8ds6jfXfHZBJKj1FqXY|0x3e0954d9b32f823aff2f66173ffed5f453dedd93,153,428.91338499999995,636.5902469999999,18485.75,0.00497901005564776,0.9263562107455496
8DTNTkJ2ADZDSNj5zSgHuuqvWxzhh25eKBDAY4wySTo2|0x605534105d776a1c6c7c439e4946e2ed31695cff,146,862.3704209999999,1302.793605,9247.365657,0.004751212209964529,0.9311074229555142
2i5gFiE5ZDxg8hLmq2KCc1Ch9333mWs3D8gLevdnfwrB|0x01bdc0f505555b9f51ef3557d13d15518fc0eaad,112,1034.294304,1076.8378320000002,7938.324141,0.003644765530931693,0.9347521884864459
6Uzw1PHytodutFLtLT3ibFrb7dXz5wJmeFFBt7qc4NB9|0xbd955e292daa175bd7148810e2e2fe571a85cc8a,111,-1629.459841,2490.7514750000005,33910.0,0.0036122229815483747,0.9383644114679943
EUCKyvUd3T1bowAfbvCvDCoVxeYvwRkFouMKmkmGjKw8|0x239c81f7457ce5a98de6eca46f41b53f38c3fe5f,110,2052.874281,3198.508829,55272.37357799999,0.003579680432165056,0.9419440919001594
scuP6pHdygHVJrKAqBvo1T14dRygDoMA9CcSMyoxcpu|0x03f4f1c19e2228674ca47eece083772b8b033dc2,98,166.63185600000003,232.626368,23000.0,0.0031891698395652315,0.9451332617397246
CybgWdcXB7B3wiGHRpTauxt2KaPEtY4o6ty7aWzVW7ud|0x27503e930a0290761fd14875434f0763ba6a9aa3,96,7995.009101999999,9307.74891,41092.278441999995,0.003124084740798594,0.9482573464805232
55QwG7Sb2vzLea1qa9DDCorA42iEimaP2VVVLwQFeQka|0x8c463874382b7f8582ed01650f8b30a82690612f,95,70005.33064100001,109236.66677099999,673037.776451,0.0030915421914152756,0.9513488886719385
3AF33jD7WMFYMZQMExveQcVF2GxigUw5EbBMnHk1u3vD|0xc58dcf4c35239528c6a4932bbc24d2c99bb6831d,82,0.0,0.0,171948.868462,0.0026684890494321324,0.9540173777213706
9zS4PFfvZds4VRFfvmDpqykwU9YJFCzt4WweswySkJQq|0x40786472eddbf02e9ce122adef40bda90c20302c,56,102499.574826,106185.62119,392148.158514,0.0018223827654658465,0.9558397604868365
GWjVLfPGbDGxjCuTFFkEsotJcLzXQWXTjfWhP4fuMAd1|0x38f4c75fdcbc4f314262093ebe2f8ed6ba7a0552,54,-17242.844949000006,82313.82675699999,280466.519184,0.0017572976666992092,0.9575970581535357
BzjNZDYn3XNjZ2UiKZawTUFwzUYnAwYGELFpUXyPmPUP|0xa77ce92a601d504a6d64af843eb5a3994616969c,49,-2334.3282820000004,5736.567196,16700.271678,0.0015945849197826158,0.9591916430733183
ZJVmWFyVB8HwHBjXumvKGC3hnzijZJMxvFgMvuLBjjT|0x3fa73646e0350ecc92b5c10f1716b53b2dc05287,48,2165.145738,2356.8877279999997,16607.729747999998,0.001562042370399297,0.9607536854437175
HmdyD9rq4MZAWkec8i7E7PDWJbB6TrWpEvbHUueqcRc8|0xc13fd7748a6885720ceb172ca36b76e11b626dec,48,0.0,0.0,35751.945648,0.001562042370399297,0.9623157278141168
DvcKG6BeEmmz7UdMPvGkDVR5b4AAgcYoBqz8U7nGtjNs|0xbacfe82a2f27e5980d93a1dd9994dbe47e239db0,47,0.0,0.0,108266.21145399999,0.0015294998210159784,0.9638452276351328
4CmQ2nk3me49jwBJjs8JzkArEQbwtGWcGPoBc1aazW3v|0xc70882fd04799dfa6b72c7bda3068bfd9e11be66,43,39.236155,273.5598569999999,31450.377002000005,0.0013993296234827036,0.9652445572586155
6bKoLDvB5zbSdtticwgg4oncTm4s3e9DwhJtxZJyhhcv|0xfaec284e854d963c5598aa6ba099bbf8f0b8f96d,38,-12.098701,12.098701,9140.0,0.0012366168765661101,0.9664811741351815
5Zp4ptT3jNJ6wj7377xZwMMDgrLnGGaZcCEMXFHdR1fa|0x6ee40d8080c014f5e55508079e90073e1af2672f,36,963.9742289999999,1128.550387,22942.613128000005,0.0011715317777994728,0.967652705912981
9XQLDx1MV5Ssv48DfFfBwFErh8ds6jfXfHZBJKj1FqXY|0x34495dca57890d33999fd34d0b66b28c45cf2048,32,22.834307,71.282471,3668.4300000000003,0.0010413615802661981,0.9686940674932473
6dZb31eSRjbULxVbo1Xkdg96H9P9Ccn33A9zn9icdwqP|0x17d288cc563fd7125e22825f8b5c22789ccd8c4e,32,4097.784602,4747.446046,2722.959714,0.0010413615802661981,0.9697354290735135
Cu4TkhL3mNzj1MmrZCQtFGQ2F939BCmEyRE6KVbzeobz|0xc8a18e186ae4a38eaa8a7f546fff693bd6771eaa,25,-893.937821,1369.4826890000004,10227.877433,0.0008135637345829673,0.9705489928080965
PBaKPdnS7UatupMydkMEXTjfRFmj2m2X7xVgsMBDaVY|0x0c8afa31d68028ed8054493ee92f52b82ab992a2,23,-39024.09501499999,68539.622613,311270.0,0.0007484786358163298,0.9712974714439128
5Zp4ptT3jNJ6wj7377xZwMMDgrLnGGaZcCEMXFHdR1fa|0xc8a18e186ae4a38eaa8a7f546fff693bd6771eaa,23,322.75285900000006,505.16020100000003,13734.455603999999,0.0007484786358163298,0.972045950079729
3MGVhgUexzKj3Gcr2qnZkM1nxGzHypaogvGVsntBAiWc|0xf76ccb1d46a6ca0e33990f70f9fa27e0d83cddaa,22,0.0,0.0,8868.659221,0.0007159360864330112,0.9727618861661621
2DG9846iV4dkbjKRkWbbPpw8g4ekVvxZBLyBpowGyk2E|0x318d280c0dc7c0a3b4f03372f54c07d923c08dda,22,76.70841800000001,174.57468999999998,3143.7302290000002,0.0007159360864330112,0.9734778222525952
FecLoyHvmaLeNPgfowc92oQEY85Zkg2uazvGGmikyoT2|0xfbd7d9533c43e065aa4d5ca9c6fb75744cee8b5d,21,-67343.50851099999,73393.78193699999,119333.61453400001,0.0006833935370496925,0.9741612157896449
8LCqo9ZR2NMGcbcDiUtHoo8yw2sMEMx4MC4MZKZUNSLx|0x40fb08ad52270db281b638f0d4c4bf1dc11601d8,20,78.791108,134.047224,5878.100114,0.0006508509876663738,0.9748120667773112
664yPUmgPqFcjTjCsRQRXZ4rAKDkF2vSwhyndeBgsYJy|0x0bf748d20cae6823e0da16a72886b2b90c408a61,20,0.0,0.0,28600.246898999998,0.0006508509876663738,0.9754629177649776
EELhpihpevqjyez7DHaXBfn1eoCRvNMKso9Ck3oPnLx4|0x3c94ca5a1604028ab34fc30fb93f43a7281bffff,19,0.0,0.0,67200.0,0.0006183084382830551,0.9760812262032607
JBpGKwXuUmMo3PJEKuLajWGZfs7HEpcFBzv8J9nXxBWq|0xe8cf21b89c4823355dd0e4e24fba4112be1083db,19,435.98588400000006,1016.1489639999999,9160.602998,0.0006183084382830551,0.9766995346415437
3M3N1NzFQo7DQjYuA1KENkzLjPb94sSu4KwteABGWCPF|0x34327028c727613872cd80122b9a489a4b9c0bfa,14,-1194.934377,1453.659581,43022.997743,0.00045559569136646163,0.9771551303329101
4ypaHdfY1haUKeefGwtjWgFsGaC8BRUGTqGGuCNo9GjE|0x81bbf40bf933f90c60b7a93b9b42dc88072812f7,14,0.0,0.0,10058.035283000001,0.00045559569136646163,0.9776107260242766
6jttcH65RyFqthhGa8cMzc9nMCthXViBQoYxkdL7h1Rw|0xa508b631f319f4fcda0fcc9bcb15b2ee7dc5c56e,13,0.0,0.0,0.0,0.00042305314198314297,0.9780337791662597
FZQBGnAZQcpfEjy6zffCKnR6zMkB1rz8X2cdMCVD1648|0xdc721367303b5cfcfbaa5cff29e3368d85ea78ec,13,-781.1216459999998,860.6317140000001,3120.0,0.00042305314198314297,0.9784568323082428
A57gbvFrv3LdrRSE3jqi6iKTTBCMKADNrousWqGRMh38|0x0479151c52f83d76ed1aa2761d1137a319663da5,13,56.06372799999999,56.06372799999999,3516.9737299999997,0.00042305314198314297,0.9788798854502259
DzizsTmAnfUhNEuN4Rc2XmbCzpGc7DMLtr8Z5QU9B7sz|0x6b4e50277999e9e7f3e33258f4aacdfb769eeb09,13,-39.132596,105.58412799999999,3041.24439,0.00042305314198314297,0.979302938592209
7kcc45GMRtdYgVLYX9d4FM96fAbYabS9Ph9UehjNyHeB|0x6583738ad6c41c7f47d745d6bfe3b19adafb6697,13,57.846623,58.982566999999996,1315.0,0.00042305314198314297,0.9797259917341921
H2U1EGEh4QaevWJJ5Rzeb6ELixHULodUd6EAjBPQ2CuF|0xd7478265088717c38d7157533a69eb1733a695c4,11,0.0,0.0,5061.364034,0.0003579680432165056,0.9800839597774086
5RK7d5RHzPH4ngBqNdLCyY65kFT8NeE3mviBqJJAsUNK|0x5dd5a6f0a881684f0ccf0c1e28ba1fb692b06a7c,11,-2004.3250440000004,2542.4259979999997,20744.554027,0.0003579680432165056,0.9804419278206251
3z3f2E27FFKdsTKvAU23sYNXV47SB8YfMnPPKrqjPQvR|0x3e10fe4101e211702e3c0d79a00ae6f3f79bcad3,11,3.2933220000000016,53.035336,1363.8056510000001,0.0003579680432165056,0.9807998958638416
CtmdLfWm8ycHKFxBUyMoVgfcahQQRm6GhsqUWwo8SdES|0xb1b63066f484b217c0b03b07ecfd550ed33dcb1b,11,0.0,0.0,5500.0,0.0003579680432165056,0.9811578639070582
Cg4GtthXioVwA4yrXTHw92JWS7pQxUu6NVuq8QbKEbo1|0xbbeb9860ba663df45b645d0271b8771288b03748,10,0.0,0.0,17617.037358,0.0003254254938331869,0.9814832894008914
D9SsqbE1KYh5U4uoMuxmQTfFHW7vpJmTWcdHf9Jzb643|0xca2c728727ecd1b7676003f82545aebd731d13fd,10,-1162.324959,1310.512301,5009.749752,0.0003254254938331869,0.9818087148947245
Fh29Mim9rmKYN7CYRqkijJmojwPzXLuzRHKFrzLQgAiV|0x08996c866ce22c8f810f575a339151e319603bf7,10,141.747356,144.075988,5020.454278,0.0003254254938331869,0.9821341403885577
7NkPnGCK9uNZ8PV5JDs5Hh4NRridreC2cqicznHwpcv6|0xcc7150deedc2cea70d44033c5c31ea3466a9dd0d,10,23.006811000000003,38.978393,2200.0,0.0003254254938331869,0.9824595658823909
2uK1WHsddYgikj5aHBuiy9STJRXnEPqvzk8R1etwuM5G|0xe5722c6d24983c00c47ac82ef7881c9b8007186e,10,-856.0699059999998,1231.717962,14566.802085000001,0.0003254254938331869,0.9827849913762241
CiRZudYZeDwQbz92d95CPaRrQgiifM6ucuyi6ge8QRf1|0x850fa63e54d482b5299e5156dc84d64abf24e515,10,0.0,0.0,6718.199999999999,0.0003254254938331869,0.9831104168700573
GBeCNWb5VGZqbrsypVJJf48VeZcti5bv1tFm7Pw6Lvbd|0xfbd7d9533c43e065aa4d5ca9c6fb75744cee8b5d,10,408184.43337800005,408914.69018,1052311.23591,0.0003254254938331869,0.9834358423638905
Db1YP35srdg2RbeATWtHUM8cWM1hAVRAjWS3vWXv4Tp|0x5654336926ff7d024a30af40ab32d56f1178943f,9,50.231055,68.565091,375.0,0.0002928829444498682,0.9837287253083403
DdhrchwJMC17JDxmk9fsMr5RWvuUQpXdc8Lq76u452nf|0xdf1f6587aa741ff62cabb9bed8dad062713cf3ec,9,172.70102299999996,507.32205099999993,14698.08925,0.0002928829444498682,0.9840216082527902
FoRAFRoG8vnXjXpGWCEcQcHwXDEsMxyjup44d2uxEbqj|0x9919ff14557c67d2f27fbd05332eec68f480dc3b,9,846.397466,871.711088,9105.935609,0.0002928829444498682,0.98431449119724
hYXFJD9ntjpNCw7dgwGWKLUXAJZLku3St5Y45TX4JfH|0x4ba112fa04f3e360f8eb7444b776f9ebaed82fda,9,-1276.5257599999998,2315.953316,11715.99251,0.0002928829444498682,0.9846073741416899
GCry1R8jrCMRh3Gjp6cGE6QwJdW4fsDXLo2ZgA43EVEM|0xdffa2747524bf3fc801ce084ee389c2d1647cab7,9,63.533022,63.533022,4352.522691,0.0002928829444498682,0.9849002570861397
GpsCEqHyongM6emnnjVg9fB2xvWssEc8NwMxCtsaGZ7f|0xc5b0404cbd8b780712442c9d4fe80ba3ccf47acd,8,-45483.578886999996,45875.735595,48039.370868,0.00026034039506654953,0.9851605974812062
36SSB4eHsJUgNiRT5E4eA1VUq8KDvjmvUjo31nWZuvLE|0x9b0de5739e6c71ac8b1371cb8e450b41b26f451e,8,0.0,0.0,5970.0,0.00026034039506654953,0.9854209378762727
AiekwG2fLqq2WmNM2YK1dPDMXkRTBG5tzdWRRPFkZiLL|0x1aafacc008099845d6c35df8c5925c8e659c4400,7,456.04491399999995,480.27162799999996,1220.985671,0.00022779784568323081,0.985648735721956
81gTwnKz8hkpYjoPRGWGPCMQPFZqoM3idy2ytQ9ogP2Y|0x6f5884a6ba14297eab47aa52c4e739f0a11ff7c1,7,546.366895,626.627705,22000.0,0.00022779784568323081,0.9858765335676393
CoB9Bx4fXKm6Ucqsy4CD1BNC5vhKk6uvZ3pZEJwtz7JB|0xc91dc97074383cb4378c00dd346efc936d123260,7,-187.162263,205.873015,1598.3110270000002,0.00022779784568323081,0.9861043314133225
47jEfw2ejdDfQD9NZvuJ9TaxL39X2BsrHCdoT9M7abv4|0x98464f58c04e6ef1966d04ba2fc7fd50f153ff45,7,38.961448000000004,38.961448000000004,124.0,0.00022779784568323081,0.9863321292590058
E7hrSTDTiNHARbebHfTQZRsLbRwMgUnqYtwa5ym8ZJHK|0xd37f8a671b166dfe050de3941851c8b31a805c6d,7,1087.149353,1088.611423,120000.0,0.00022779784568323081,0.9865599271046891
GX1tM6m5Ypz6n5UDAL3CWhV9urJ8cBeTHwEfUhVbW46H|0x8eb3700c8d02abdfa6c4ca5976c7ba86be34422b,7,512.3952939999999,1069.74417,11898.234405,0.00022779784568323081,0.9867877249503724
4uPqk7wJYbkbCe8xmbWZnPCcWez9qoeHGJQXwteHz6gu|0xf14aa9ed0b6d90b7a49b782f6a9846bea8f0b333,6,0.0,0.0,0.0,0.00019525529629991212,0.9869829802466723
Cawp3wyd3adGXjt6Z1ZGYM9udy9EfJrrEZzni5nDArDh|0xe68d60b78584ca017e5786dc67480c1a084e2af5,6,430.975641,1286.8461750000001,14144.717044,0.00019525529629991212,0.9871782355429722
4CXGoocnkETuwGxQVVpLkU3sfi5SAEADYjnQHWT6f5tU|0x4a4de62d342719b9d629bd04796b8d813610b129,6,0.0,0.0,500.0,0.00019525529629991212,0.9873734908392722
8d1btBySHRjmxdQLB4pbeyGK9i1MSMRG6e9cTmQkHwLr|0x48dd4212ab26e0198b3f13f5e2ecb84f5feb5a94,6,0.6449189999999998,5.603831,608.0605410000001,0.00019525529629991212,0.9875687461355721
FsFbRMWJ35v5Da6eoYdeTAkwhyWnXLz4FhecmuEWfxqk|0x172c2e5332ba8f18760e0f2542bb62b4de61e3ec,6,89.755162,89.755162,158.0,0.00019525529629991212,0.987764001431872
7UeksZLbynGo16sY8beDgC62NsLkELLnbrTKJJQ9BByM|0xbcf1d8f8e1b11a85c99d780fc2ed2a42eda7a047,5,0.0,0.0,297.092455,0.00016271274691659346,0.9879267141787886
BVCnYaL4ERy5QtShrWvc6n3Xz7v3BhJrzLow3fjnVGP1|0x881d79fb3442e52ae955580cec2fbf8cb4481efa,5,8251.674681,8251.674681,9406.0,0.00016271274691659346,0.9880894269257052
4bf9XNLb4oyguzkVYc98AZWD9oX1VNwpPpy6rR8w3FyZ|0xd0c5e08b704bbc7205581b94faf5f8e91a37c498,5,3339.2678149999997,3345.6632569999997,13120.094981999999,0.00016271274691659346,0.9882521396726218
9pJcMVh13pDFF2ECvaqKomdzXtWb84vZpR9EiQgMEwsL|0xb4d78bca90b4c35bb6a962d6c7475aa087ec1dde,5,0.0,0.0,2472.4030119999998,0.00016271274691659346,0.9884148524195384
CFUJvpdm98qfod8HU18uhUdqhYQee2phGELFoysgVhCt|0x0ffad609d35c4bef104ee245a9c4c891d463aa2a,5,1327.842733,1327.842733,3442.6820049999997,0.00016271274691659346,0.988577565166455
27WncU9SwRstZyYa2ua1aaDnDZL3rnW7CEktQ8xu1kA8|0x96158f27cbe6a3a661edd71d40ffcb7b15352797,5,2956.2661989999997,2956.2661989999997,530.25441,0.00016271274691659346,0.9887402779133716
HFu2wc9EevD6QGqY498Mm9qS1nqJfG1uxN8exi8dTdVF|0xc2e7c158c1578f038fa5ea27b941e58c0e8166a9,5,4.350366999999999,6.220219,707.884378,0.00016271274691659346,0.9889029906602882
CCvqYAMnPyR9ehvu8WTkaxATtWmuu7F7W1JKbJD1izQV|0x80db158ec0de7814ad1d80095076916c5f92ddc5,5,134.104222,134.104222,18366.714274,0.00016271274691659346,0.9890657034072048
BET52Sa8ei2tkPwvnAB9fsQgEqS4jGUryNxryGDMznr7|0x7cf9bd1a3665a24a8960a6f13a4d5674d316fd7a,4,422.53413,523.7623159999999,5212.579951,0.00013017019753327477,0.989195873604738
911GMGNZ3oKpL4CmYXn5fRic4NTEUC5MS5UJtPYj3S7E|0xd37f8a671b166dfe050de3941851c8b31a805c6d,4,167.06336800000003,167.06336800000003,17000.0,0.00013017019753327477,0.9893260438022713
8u7aopqLQxhur6ntxKKZkv6LDpE5pgmn3HwBTt5QSSda|0xb3f096844c7d4a515d7e16a7cb784a94b0fbc600,4,504.404389,505.129837,910.0,0.00013017019753327477,0.9894562139998045
4vSr1Uh3y1yuKGkHhHKvw8GVezAV6eEoPBCeNgWKhakp|0x6c6c7df82ad0f07e75a0cd85b2d248dc99879d68,4,85.789352,86.425148,832.411335,0.00013017019753327477,0.9895863841973378
52CJQwrxAjJtV2ypnfxF1E2i4mWT4uhqn8envNeCRw9x|0xccdf3a72ce978d7e501c86408f15897278608117,4,146.048007,146.048007,36571.03419400001,0.00013017019753327477,0.989716554394871
6qBLfNG7o1JF1h7MnyvZJDeiwWuUccNqJ8BCGthZ7J7r|0x76677ab31b9fb6570e97e0a44c9234a802e759f1,4,0.0,0.0,0.0,0.00013017019753327477,0.9898467245924043
B8FMQDrHzNCPriEc6uCJe9UjM4x8EJNjLq9hnaLEEcJR|0x7a1e49db3d088f8e935645a5f4b33657d456634a,4,0.0,0.0,2382.266084,0.00013017019753327477,0.9899768947899376
BBNL1y8n13AtERjVk1yGFnHzmqpps85V2YAWkF4smTX7|0xc63b3dea3d1118597d9dba4e374ead615d528647,4,0.0,0.0,3985.536251,0.00013017019753327477,0.9901070649874708
6B1aNKMRn858GMbWqjzif9aorX1wNrsy8Ec7qRR3Z1Bf|0x64e82c71e163faadf0efdf430cbb8d1d6d53b86b,4,0.0,0.0,0.0,0.00013017019753327477,0.9902372351850041
UKSXRCfD1mfv6rCx8V4coUtgS1jVqr8P4H26tYeR7xK|0x83162f1b647e19be0dbff3667930da83e079ad56,4,0.0,0.0,0.0,0.00013017019753327477,0.9903674053825373
bGj16Mfh792zsmCGYnVZEwVs4XQW1u5d6NffPgVTVUx|0x7aac8600e6c931edccd69b321bb915b1e8c8a657,4,118.206951,118.206951,4000.0,0.00013017019753327477,0.9904975755800706
4a9nktsCmEBjSVu5aXuSBPWHxXfzfYyf2bLNhWv4XCdL|0x39b2bfba187473504479d6382c6b7d228cac0cdd,3,-233310.60664100002,233310.60664100002,255742.427569,9.762764814995606e-05,0.9905952032282205
2QewJLmvagV4GXsTqhJscyge2BtyNuCeP3Bgpq1y1YVp|0xbf5e3ff5691b4aef4efdc9d55f40c5249bdfbee9,3,0.0,0.0,49.078703999999995,9.762764814995606e-05,0.9906928308763704
4C7uscQMgNXZtWqbniSFkwSuPV26mMM2UTQ9PWTu7P56|0x5f7f3e256ab61566db3a8047b4405a52aa3517b2,3,194.68080700000002,199.662191,1081.82267,9.762764814995606e-05,0.9907904585245203
G4FrfcW149BaaY3KhhaNj3QHFcbuxT1WT8KacarkVXNN|0xbab04a0614a1747f6f27403450038123942cf87b,3,0.0,0.0,0.0,9.762764814995606e-05,0.9908880861726702
FHuPcAwAvpfaDXq2UMwhNrDBuicxWtSJax7KypCDWPtw|0xf6f0da7eafc5816766e4170d17a682a1a061010f,3,7.645548,7.645548,610.0,9.762764814995606e-05,0.9909857138208201
2ocmJqPef1ybX5s3KcDoo1hwcEhoPe6tsvg5H5iAGq77|0x429814368c0be105eb08d883d43eba8544bcdbf3,3,22.728312,22.728312,105.0,9.762764814995606e-05,0.99108334146897
AZZHB7JriJpFsUUinLedgrXer6ixFDULyiwgX8RBr5AP|0x57f99c9f17088fa8e0125991650dbb8505ea4c88,3,70.763286,125.19843800000001,6047.608939,9.762764814995606e-05,0.99118096911712
BNkS1KorCqa5HyFGwU3U59XVRLkkfRPkjrvct9QJEnf3|0x76719a5ad390be31d83edcf5d895d11807177f8e,3,2.504008,18.215457999999998,120.834875,9.762764814995606e-05,0.9912785967652699
2j5eFcTLTBsgMB4xVzQt9Fi5dJVYn7hZaSJeqyPn22uL|0x947ebecd725e07bac225363f328de957aa5819b3,3,0.0,0.0,24134.921199,9.762764814995606e-05,0.9913762244134198
6Jbxakh3sYCV7qmELU8qZPXLjhsLRdBG29gz9EvNfrXJ|0x23fc1659a255caa326ca8c090431331513517da7,3,0.0,0.0,7570.122179999999,9.762764814995606e-05,0.9914738520615697
6Jbxakh3sYCV7qmELU8qZPXLjhsLRdBG29gz9EvNfrXJ|0x0c4c3b51039f2f667933b7010bf4da9cdb2f8ca0,3,0.0,0.0,0.0,9.762764814995606e-05,0.9915714797097196
5epEib9Wjm4CPvkGy9fPYQH6Rad3RxSAWZUsJqT1DRfm|0x5057537dcb44b2530908c57a6cab6604f3f48d2c,3,7.568968999999999,7.568968999999999,550.0,9.762764814995606e-05,0.9916691073578695
7zyNP2zzXtL1d9cpXdt3YiejdyjZZ7EJUWhKXhizWW9z|0x9e36b4b00fdccbe81ca2c964258c6666a48a5b5a,3,0.0,0.0,1000.0,9.762764814995606e-05,0.9917667350060194
2TWGcX8u8kNgFXvCE2PBK6o14jfDk3pd94JYU1gXctQY|0x8cc1665ee965345e79b132adb124782bad8c78e0,3,720.847619,1169.673539,7000.0,9.762764814995606e-05,0.9918643626541693
3ABfGqD4k7bQrGQUqByPqu9MEXXave4A45jbJed6vRHC|0x60f0cfe9b9a1be5ae42f27e1d7fe7e938fe5c7da,3,0.0,0.0,28144.337507999997,9.762764814995606e-05,0.9919619903023192
7o74hnycvLzcz2tdjxpcSFCx96QGkrh4jtyyBgddDnD|0x0b728dadd370cf2d241aa0bf9871bf06644295b7,3,-25.202371,25.202371,350.0,9.762764814995606e-05,0.9920596179504692
BtkQcSrnfWKmBYxDrkQhUyZWQeH2yMYPppddCwnQkFTi|0x5bc0aa095632c76da0be9838d960da9a66fca30e,3,21.142141,21.142141,21.70848,9.762764814995606e-05,0.9921572455986191
99qyrka1r6kr7FJpWc2r8KJqk45NcEgxusii62aqXTBL|0xa3a8ad0c064d4f0014afcae6a291dd7544888888,3,-721.1389310000001,721.1389310000001,5700.0,9.762764814995606e-05,0.992254873246769
A8Ydfv3NmNBfh6gnWat31S193DkKsaH1U6WDwWPiniVV|0x63226460ae77a6adbe52dd26dcae029030a7ef75,2,0.0,0.0,1838.452014,6.508509876663738e-05,0.9923199583455357
3BhmBujmGQkrnxNsQRSgHgSSmFsMtaJMPzVR2qnBR9ma|0xd283691dcd0316b80b59edf2e36214662fc1c9ba,2,410100.583839,445941.999643,272000.0,6.508509876663738e-05,0.9923850434443023
2F8QsswP1Fjjuco8yUam4teGu3qm7U7igacE8pVqc9iz|0x4eda53730df4f7a198c30632e5a606c2d2afc356,2,1.834981,1.834981,157.056089,6.508509876663738e-05,0.992450128543069
AE84UFLjELv7arPqGvVrjxwwhX7hEgo7nfq4acgqg4x6|0xde2bba83ca819910ccfb456596fa9648db18e4ad,2,16.093056,26.880456,802.0,6.508509876663738e-05,0.9925152136418357
EyPgVXMNMr4bKg6k9pMzoHHaogqSHcyUKJ7zLjJjsYY5|0x93200ba684758a215029242cd8d92c0b17104720,2,890.596386,890.596386,398.0,6.508509876663738e-05,0.9925802987406024
AKHQkqBqqAu6F1hhYp9D4CYedHFgDTDu5ZZduYbXA9JA|0x1682a9b43c9da4ab55d85838083849e711dec6f8,2,0.0,0.0,0.0,6.508509876663738e-05,0.9926453838393691
ByAruyoruB8xw6ymXRj5s6EJZ5D1TdUCVkbgqjFjjBxb|0x831d1d4da9d7dff91cb22d3c6e5f1ad0c32ced19,2,0.0,0.0,0.0,6.508509876663738e-05,0.9927104689381357
EeT7kshKCbH7FyagDkXvmx91GKkkgWRWayrcVZnmGDXE|0x8e24ea7dc9b4892adaf8bf6ca963b7c53359b0fe,2,-619.072874,619.072874,1531.886621,6.508509876663738e-05,0.9927755540369024
CiRZudYZeDwQbz92d95CPaRrQgiifM6ucuyi6ge8QRf1|0x7e9b22aab61abe0b17cf1c243c521e138a3941df,2,0.0,0.0,1043.5,6.508509876663738e-05,0.9928406391356691
376W4mmgYwoF3g8yqnLzZSTLfMtJs1VC8xXQoqhBsXXe|0x428996ae1cd1d7649d0b8dfe24e823f063b4f368,2,-0.392104,0.392104,6.0,6.508509876663738e-05,0.9929057242344358
dxUNfvVDPct3Lwhj8Bjms455rzpgSfkSo79Gz5w8Tf9|0xa2d9066576f0199234d9f11718814613991a7049,2,-169.369939,173.533033,1064.50676,6.508509876663738e-05,0.9929708093332025
DvcKG6BeEmmz7UdMPvGkDVR5b4AAgcYoBqz8U7nGtjNs|0x20518b265ab7d1c281d32fdfaf9d8c84b7b0de4b,2,0.0,0.0,6276.125778,6.508509876663738e-05,0.9930358944319692
BA953as1P3yec9AemJ8uAgzdk77ysT5SpSL876Vuk2vq|0x4017e8df4369bf7c09d62f3d994230167aeb6ee0,2,-63.402512,106.61534,6346.0550299999995,6.508509876663738e-05,0.9931009795307358
BJhVjZbL42nfkoy24pRZUM7erLRjh4WDBLLXE8zEFQSM|0x79cd1648b8a9aa979c514748004cba68c5b89ade,2,0.0,0.0,0.0,6.508509876663738e-05,0.9931660646295025
C281ZYqZAWLixGNTrN6StGjBYJXWHfprWaSgMiDpXFkT|0x9d3f086c16092d5f641cee12b81a9202a29f3a85,2,0.0,0.0,200.0,6.508509876663738e-05,0.9932311497282692
ByAruyoruB8xw6ymXRj5s6EJZ5D1TdUCVkbgqjFjjBxb|0xbcf1d8f8e1b11a85c99d780fc2ed2a42eda7a047,2,0.0,0.0,1750.1121050000002,6.508509876663738e-05,0.9932962348270359
2ruRihbLtcdyE1FYp9Ew178sxn4qGktorNPcP6ih5zCZ|0x902935d415ed38a5a033f09eb88076e45beab1ca,2,395.123306,395.123306,1000.0,6.508509876663738e-05,0.9933613199258026
DxN3icy6HRSTpLbsMTbP6JtNnHZrC89HWEMJCRumJ9hz|0x461e9fc1585c958fd4a748fd8afc807bc4d90c60,2,0.0,0.0,400.0,6.508509876663738e-05,0.9934264050245692
3gAWcSZEh9xi2cDbJcjXhGciddmx4RffsZAz7c7o1GSh|0x7e39479856d5fe8ef083b74dd6c0f40425a55830,2,0.0,0.0,0.0,6.508509876663738e-05,0.9934914901233359
DDb95yzkpnrVt2kmcZSFMc7KTYFU3JPW8enEo9ESWNJC|0x48a7d4b37b07b5ff0175a383f56fec2539f16466,2,0.0,0.0,0.0,6.508509876663738e-05,0.9935565752221026
6xhqNTLp5wKiVcbtPsyqav6gvcJECHwYfG4WEqtFoJjx|0xb50c74213b2dd870c0a7aab98d7c5bb6661bc234,2,-1546.97362,1546.97362,1800.0,6.508509876663738e-05,0.9936216603208693
4tjJzFE7nsLRb7rHhD25Rvcyh8jPwNP3Lr8FPMnVXEG1|0x7c939b836a42a55a79942564724da264fa1d4e1f,2,17.337261,19.947833,397.092543,6.508509876663738e-05,0.993686745419636
66GATo8PyRLdhpVTD4RPrELzcjDavh2JWAzd3wv4tMku|0xd20b03d40243f9d814603702d6c98dec7506911a,2,37.08393,37.08393,55.044298999999995,6.508509876663738e-05,0.9937518305184027
GV9NvqGffRLGr2dQYUzNPxkmCUZWNyW8faRBeEkHDK6W|0xfb780ff2c8b43b9e4d04fb6bc872d40256df775f,2,0.0,0.0,1250.0,6.508509876663738e-05,0.9938169156171693
7QgQPtsZqs7dcckXyyWxsQJ9GHaLRwFGM7mGWjHg6DcM|0x51f400b9770ad2bddb7cf74664f5cd1daf6a1410,2,-1.1422180000000002,1.1422180000000002,101.0,6.508509876663738e-05,0.993882000715936
5x2mpbfoL3V3kRWtU7x41BHP6wXUB4r8zXZwUnREjfKN|0x274b93873eff64f89fc94adb313b4a7946e2625d,2,-40.442459,40.442459,1500.0,6.508509876663738e-05,0.9939470858147027
6cpZdSqwYDy8wdbAqBwHfgg4H5so9z3KQFqVRXefQq8j|0xdeee78635060f5e35cdac39c5d253cec570823c3,2,-52.614179,52.614179,598.9200000000001,6.508509876663738e-05,0.9940121709134694
7u2DAWLLQ5mip7esicuau4poi16Hs4YCb7JkuQ5Xfh85|0x16787da38cb083644d63c99d06ce7e68818708d5,2,0.0,0.0,0.0,6.508509876663738e-05,0.9940772560122361
7v8AUA96ZtazVStGMXNrXiJm4XoHzHYY44zH3Ls8fQdM|0xfcb4c819958f86c8360dfee83cc826739aa9eb46,2,51.133427999999995,51.133427999999995,500.0,6.508509876663738e-05,0.9941423411110027
H56XxcSCQoDNYqgvFxDn9kHkMNvVSBqHtheJmFQozeem|0x019f4d753816e575333c2cbbaa9fdde7266a9efe,2,0.0,0.0,0.0,6.508509876663738e-05,0.9942074262097694
4C7uscQMgNXZtWqbniSFkwSuPV26mMM2UTQ9PWTu7P56|0x8eb3700c8d02abdfa6c4ca5976c7ba86be34422b,2,11.231455,22.864029,1871.314092,6.508509876663738e-05,0.9942725113085361
5s8eCqh7Ze88hwpUPGdAYynEoRreAXfL9fgHw6zjivdU|0xe9b4dd6fbbc9288f957fccfa99430fd74cc22ce2,2,0.0,0.0,0.0,6.508509876663738e-05,0.9943375964073028
5obp5RdBgypBfrakvkareoX86q1tG7KiPELpokU3No1T|0xbe7f3cd43ed2e2ee4b8d895bddef777184f7e79b,2,75.392241,75.392241,248.145672,6.508509876663738e-05,0.9944026815060695
4waAVYL1LorLKvZNpTkYwTWprL7cxd5misnyVuf4KXXx|0x07dd64a910465027d4d78b8541074bdd2f588d62,2,-105862.94263599999,105862.94263599999,143653.057923,6.508509876663738e-05,0.9944677666048362
3z7GcpBTdUKkD8SETJLAczt76bGP1xpJyidAbMg89dB5|0x261af5e14c12faecd04644d2224c6225a10ab9fa,2,-46362.082465,46362.082465,69616.110321,6.508509876663738e-05,0.9945328517036028
96MeHgw3hdYTBL8iUUHZ6XgTAWB3kVqTorwf6PimqMs4|0xdaff895c4d2ca9fe045adb114ba42405c041dd7f,2,-0.21504999999999996,1.231652,50.0,6.508509876663738e-05,0.9945979368023695
Hz6rxWWomH9S5DVStJqAmgmf9XsHoZ5JAKKVRYdrRihj|0xbd5e5d090cf60cae3b4a2a2ebbe2a41541946b9d,2,0.0,0.0,0.0,6.508509876663738e-05,0.9946630219011362
9Vt5barLZwE217NKvMFT6LoB4T2mHoTtu6ugFT29TxYL|0xd95d47e2f7723d463d585c774a3f020836b6dcf2,2,56.411291000000006,56.411291000000006,1300.0,6.508509876663738e-05,0.9947281069999029
HdJCJ7sQqKkoJaQN6eZTPGmaGD1C6SYEMsGN6mFc5Dxc|0xdf9806ccd67b1f53e688cf963391343fdc9c5b73,2,0.0,0.0,4500.0,6.508509876663738e-05,0.9947931920986696
3bfoZNhXtMpbWG3FUDCVju34wYe7r9Mh2YuNqifzLQGR|0xccc16a17fd63b7f1372b89cc80483c29f89fee3e,2,9.153613,9.153613,79.926983,6.508509876663738e-05,0.9948582771974362
9h3jqJKsSmcCYbme1zNXSYVegfghubGiBNMtvYcU1rPr|0x4d9fb9c23a2cf407ecd9e1d4f958e34411a6ce81,2,0.0,0.0,4799.500002000001,6.508509876663738e-05,0.9949233622962029
5RPzM5hwLtoyV8EBQuF8UNhD8LYPrtho3xCrRB79UDkp|0x3408b105d9bdebdefd27867f21504f9acd49783e,2,-24.774936,25.776382,120.0,6.508509876663738e-05,0.9949884473949696
5RK7d5RHzPH4ngBqNdLCyY65kFT8NeE3mviBqJJAsUNK|0x0e5eae5d347f1bcf3e8ee22e5044a4352ade285d,2,29.058265000000002,29.058265000000002,4932.0,6.508509876663738e-05,0.9950535324937363
54RKZ5vJWaqmZjC2mscPQ4tbX6FRidL2tsHgEdW851Xg|0xb0a0315bb1459fe8ab276532b323686a394df31c,2,11.573622,11.573622,39.987032,6.508509876663738e-05,0.995118617592503
7F5a8NyH6QAEWK65W6KDKHTQwHx3s55bd8DKq4aEdqLQ|0xffec0df753b6171e8cd6cf3d13d872c012242f00,2,-4602.204413,4602.204413,39766.218601,6.508509876663738e-05,0.9951837026912697
9rH8wBzQ8X8yA3XYbf4PeLrKuDrqweuppcsqc4rtXqWL|0xe696fdae19a53a1de6c80cadb545c9da9907a2f2,2,5.3961570000000005,5.3961570000000005,157.008398,6.508509876663738e-05,0.9952487877900363
79M9KJ6ER149wT6sEMmgK6qNg37SV3yD9BEsiuVLuBV4|0x41a0693c4fbed70d85ce89505d23bdea706597ac,2,1.497525,2.082825,800.0,6.508509876663738e-05,0.995313872888803
H5cg4FuYV18o2sJif18N9RAsRPp9JhEPaefoBYv3HwC4|0x429b9e5607694707dad669e9de1caa793fea4a40,1,1.300053,1.300053,300.0,3.254254938331869e-05,0.9953464154381864
DvhZuwRQDnMgLDdLM5xHe245u3rkfc384vQR7Got8C1k|0xc3313bb24fbb4472f9b909aa4fdaeca124c6259a,1,0.0,0.0,217.644564,3.254254938331869e-05,0.9953789579875697
J1YxS3mNK38YcYYPqMDnEEFpdfPoMwskovz5WA9m5k44|0x40d62a4ca70bee72c7fc82c9afbb8ed1b99300b8,1,0.0,0.0,110078.429874,3.254254938331869e-05,0.995411500536953
HoHHUY3ioPXVXZEjfYvBQkv5CmiLjPqmSi2Dtp9Bt85r|0x932bdd2d5e21475e62d2fea8158fc5974507cb1a,1,0.0,0.0,0.0,3.254254938331869e-05,0.9954440430863364
Zd68h6So6YhWpBKDjXRcCCMM1SjqWTTHtZjb3iXuXTk|0xa7a9d5a614974e46b2a7e6f7b5a387fa72625da5,1,3.482641,3.482641,116.232997,3.254254938331869e-05,0.9954765856357197
H6Cw5aoFifHA6ubF1p2o84oxirTGkaLBT9wB5rcSvy7a|0x1c3d12332a13640c1882e4892bd35f3bea225126,1,0.0,0.0,7859.592678,3.254254938331869e-05,0.9955091281851031
H6LhLcaWNY4G3KwAGxKoCvnxJvoTMf8mEMycFsn7eoC8|0x464cb34d65b8f50f0d3dcbaf269aa6cddce1e21c,1,-4.151033,4.151033,118.546301,3.254254938331869e-05,0.9955416707344864
H6NHWcF7HWR3QrNuGFivPUaqCHJyNNjNgEJJWCqJW95E|0x5a17d39b2bef774ae7ef993e57a6cc7959f47904,1,0.0,0.0,31653.535716,3.254254938331869e-05,0.9955742132838697
Hmfxje3LSaW51G367UtGdQL9S6Bo2tPg9D3wQSu3sU9W|0x5d4c7c77f831a21c9a0afb48b3f1961d2e0fc8f9,1,-6.12122,6.12122,100.0,3.254254938331869e-05,0.9956067558332531
yWUqgQBxz3NkEWsFjefPZAzMPfMzi3MsrNuRMo1izdF|0x3caf0c97d0e5de434769cd98fb264a61b995a85c,1,-1.759372,1.759372,100.0,3.254254938331869e-05,0.9956392983826364
yieYRKZuWpNe248fCtUcbZiVuQgpDoB7s3A93JAJVyg|0x6b0e6b6160e589a2ee59d06173aa201d5195ef3e,1,0.0,0.0,2585.15259,3.254254938331869e-05,0.9956718409320198
DfdEBeShsuJUWtR6CaZhdmTwnSwi67VR1jAj2iBhB2B1|0x46b903e7fbc90df27763374d3c399fd6e602e3c0,1,-367.179979,367.179979,1262.049357,3.254254938331869e-05,0.9957043834814031
yo4hfX4vajeyDCakVNsAbVC2GUJ4tRShJ2CVrrnqwgk|0xf14aa9ed0b6d90b7a49b782f6a9846bea8f0b333,1,0.0,0.0,0.0,3.254254938331869e-05,0.9957369260307865
DaEAARDqwtrjo4AFmTvyyBGJAf7KV8yGMyPBF3AjRAGG|0xf199d4cc7efa9dbe94f0a01578c64472f1f4783d,1,0.508221,0.508221,1.10297,3.254254938331869e-05,0.9957694685801698
DUJNeJxBkcQkxBFdqNgixEDxUfmRJs6CkEpgRyUA7pRU|0xad91c473cdca73938d4ba852a02f2baf8cf38008,1,0.0,0.0,6489.485951,3.254254938331869e-05,0.9958020111295531
DQ2oSB9bHL6SKq1QJEFwkibFaG4mHAWhCVKRr2nKrVEi|0xfdf0e167e6c94c93c8d51c9f46bda6ee5ea4b384,1,0.0,0.0,0.0,3.254254938331869e-05,0.9958345536789365
DpiLTyWpgEctdJ9CPWZDa7WepnZx2wpAzQt2d4xGDTK2|0x2973f24822736ebdbb299f869bea2d9b5b40d2a0,1,-1.252772,1.252772,1.0,3.254254938331869e-05,0.9958670962283198
DzizsTmAnfUhNEuN4Rc2XmbCzpGc7DMLtr8Z5QU9B7sz|0xa3e8a417e807fda06ca706b163e03786246b82fa,1,1.189462,1.189462,254.216432,3.254254938331869e-05,0.9958996387777032
DxV9SA2iWAFwVvn6i9D6qASVUMBwmcXiV3ms7QyryNse|0x0c2ffd14ae844a2c21dbe1e61ae17d60879f84f7,1,0.0,0.0,500.0,3.254254938331869e-05,0.9959321813270865
GBeCNWb5VGZqbrsypVJJf48VeZcti5bv1tFm7Pw6Lvbd|0x23365d889f860eb194e900d5c3048eaf16a7a032,1,13.27291,13.27291,50000.0,3.254254938331869e-05,0.9959647238764698
FecLoyHvmaLeNPgfowc92oQEY85Zkg2uazvGGmikyoT2|0x23365d889f860eb194e900d5c3048eaf16a7a032,1,3.529081,3.529081,600.0,3.254254938331869e-05,0.9959972664258532
Fds6jyw5Sd37cx62BLT4YpsmpVH32h66jJA2DdvDz4n3|0x11e847bb79ea33bec22b7aa8556af959670ddae2,1,-1.551571,1.551571,50.0,3.254254938331869e-05,0.9960298089752365
bGj16Mfh792zsmCGYnVZEwVs4XQW1u5d6NffPgVTVUx|0x94b8d4710a1c617331195d8fddcf8fee87497a48,1,-0.404281,0.404281,5.0,3.254254938331869e-05,0.9960623515246199
FWuEAnnp5rwCTs8U7mPga1R5eA46EXed4eC3aDpyT8SY|0xc8858c65642eb459a30a1e3bac5b0b600054b9f6,1,0.0,0.0,0.0,3.254254938331869e-05,0.9960948940740032
coUFWhWUQQjoqie7Hax6j6KV2F11udiae8kxSA5uqDg|0x839030c80bfb857eb949042f7c61201f0091706e,1,0.0,0.0,0.0,3.254254938331869e-05,0.9961274366233865
FQ5xUDpXwdw1zB18mh6NgjxcAbsUmm5dQc4EWzFnnTwa|0xf9f2934331c051a37bb6e9c1397205c0e458f434,1,2.398018,2.398018,78.0,3.254254938331869e-05,0.9961599791727699
HdwFdsQR7pf3McvQ7FQj6zH33vJsvgvGkDL124qtYPqJ|0x63e480c511f0349d16faf3a772f4ea54eda3cd5c,1,-1.336338,1.336338,102.780131,3.254254938331869e-05,0.9961925217221532
Fh9qpYN5peP7GyLmocPbPPKcWuFv1nxcup4pRU9LR65t|0xc055492f9fa0585c4194eefd58986112d643720b,1,90.278301,90.278301,500.0,3.254254938331869e-05,0.9962250642715366
EsgbvTFyrkN5nmb5poN4mGaUg7tn93nzykmeKkdDXpPH|0xc63b3dea3d1118597d9dba4e374ead615d528647,1,0.0,0.0,969.119046,3.254254938331869e-05,0.9962576068209199
FohN6LJ5w8kfSDEpTtbNBzhrAVwbifEmtU1AnZ8Jaw7n|0x3f71ebd8c76128ef6fb654ca22d3c7139f42e1dd,1,-3487.727104,3487.727104,21165.788387,3.254254938331869e-05,0.9962901493703032
G5BXinW3P3fAXstz7twXMD4yQES4VFHNfX4o4sjm8HHF|0x8d6d752a4c37c428d5c0c1c1d8dc64888e61a9e9,1,6.611062,6.611062,300.0,3.254254938331869e-05,0.9963226919196866
G9AatCrNoffQhWcZLXt1UBvVRQApWj548CPCBjZwyVdA|0x8e3498a5fd577f73fa827adaf361cecc5c0fb196,1,0.0,0.0,155.566951,3.254254938331869e-05,0.9963552344690699
JBpGKwXuUmMo3PJEKuLajWGZfs7HEpcFBzv8J9nXxBWq|0x265740c61c129bff00d4df2ecf0450df19eb5c6b,1,-9.832059,9.832059,200.0,3.254254938331869e-05,0.9963877770184533
Dz5uPU4GD57a7zBB5FbEY4nzsuKQ8Wa4nmWHeXiHZYyF|0x296b52472e0fe28ca7de18ae6f40ae6bb03c3d16,1,-6.128787,6.128787,50.0,3.254254938331869e-05,0.9964203195678366
ELfTCdPTZD5VBGVM58s8iZx4BbBy7sLTAKuNgBfgnHUV|0x5e5b99ad5305b760e074415a6a113d2d5e87ed6c,1,0.0,0.0,300.0,3.254254938331869e-05,0.99645286211722
mNnD6JKeiz3AZcTvy8yYN23gpZW8Pf7ys4XehDZjDqj|0x22631cec136882f22f4eb836382d09536f6bd976,1,-48122.682515,48122.682515,97684.754344,3.254254938331869e-05,0.9964854046666033
GMMPTDUDatnYVtqfTGxxAnqvN3qQ6uFdBsHAQ4qxPT9t|0x8a0f2c0f9d8fcd8d0b6ebfb2731fe9f80e82ad3a,1,-42.011317,42.011317,42.26473,3.254254938331869e-05,0.9965179472159866
J6c24USXByxZ7Vn5HrxWghzvMRv5F6XZ14WU8CkCsx9B|0x26fc10d5f7784ec1f104e0c03c0a4de840f41bbf,1,0.0,0.0,2415.321175,3.254254938331869e-05,0.99655048976537
EADQSUUoLG76VLY15WYSRPgkqNzaVJ4pvEWnw8HV22rX|0xafc788ddae2e9b79322525f66f17ce5d5767ce5f,1,-0.888718,0.888718,50.0,3.254254938331869e-05,0.9965830323147533
DGEJQqfMJy6M4m5fzUqg4him1yegLnY1gRoazxS1VRW9|0x1ee83d67ffa76cf97192f2ef14edb01c482f5412,1,0.0,0.0,147.990344,3.254254938331869e-05,0.9966155748641367
GSYKH5nMpfFK2Mm5uTVCVi2PNUWmSDapfvKz2H1jUjE5|0xa1f4d86e2e1545acea219008bc9ce22e5669762e,1,6.983451,6.983451,1071.59522,3.254254938331869e-05,0.99664811741352
E3jto2z9zPi7T8x8iatZu4ATirNMyxCDkKKGWiXhFrc1|0xc9d1872548f18d0376f93009d5736045adf1e61f,1,53.513406,53.513406,500.0,3.254254938331869e-05,0.9966806599629033
GUVygopcBRkuaYJpxYHfChBw3UM9WyNDgsh4p5Jibh3J|0xe57389a52fa766c712e161b21a75e98fe83e3b45,1,0.0,0.0,0.0,3.254254938331869e-05,0.9967132025122867
Ga4ySRaAnLxqkxEKvn5N4sYsRXVPCtKEF5mF7nofCTSX|0x61691817e7a860c654119099059ccf5da29babd0,1,90.832514,90.832514,200.0,3.254254938331869e-05,0.99674574506167
Zd68h6So6YhWpBKDjXRcCCMM1SjqWTTHtZjb3iXuXTk|0xc9d1872548f18d0376f93009d5736045adf1e61f,1,167.210764,167.210764,200.0,3.254254938331869e-05,0.9967782876110534
GmG5ut6PyMH1p1sjmdYme8zN71siRfoUBrh6av5EuBcx|0x53451e6a21f1d886dd74b479007f48ae3543d5b0,1,34.899955,34.899955,9719.650533,3.254254938331869e-05,0.9968108301604367
HfwxXs28sjGNeguJGkyUyikvcAE3x7bMDVRg3gQFQa8h|0x8432fb8c135bcf592145a0549a6fe952e7f94b30,1,-17.022529,17.022529,100.0,3.254254938331869e-05,0.99684337270982
1o8k4MYFVcz7ta9QksJJZqWFuHKVm33eccdMKoUoSTQ|0x7217db76c79b8141c8a7fb921063fc981c4ac687,1,-10.061482,10.061482,500.0,3.254254938331869e-05,0.9968759152592034
DEqrcPJQj45R3gN8NycSRBN2xUC34Ta9iuwEFy6CEkXU|0xddee57a21a77d97525145ff49e6e87788487187a,1,-22.087791,22.087791,181.055757,3.254254938331869e-05,0.9969084578085867
DCjPXoedSezXrr35zpG16DAVUeh1u7Bs4PN9NgmviECE|0x198d400fc7f4a06e8161f4cb04eab856b0ae7edd,1,5.663497,5.663497,33031.838457,3.254254938331869e-05,0.9969410003579701
5AnrX4GZiJCgWith4Qx6RP3keTBvXMr6TH3YneZX7TEn|0xde982c30a0ff8cb9c5a65d0dc3180057cc76911d,1,-50.124015,50.124015,99.38588,3.254254938331869e-05,0.9969735429073534
5HcQyDV2DuApF4ZpZAip4DWQcJbS6LHNGfd8Kt6iJs9T|0xf784cab7ab13a37e14a4fb1182aac824abfc2918,1,0.0,0.0,0.0,3.254254938331869e-05,0.9970060854567367
5Uw3JHYNK9rpAihyqKMUoeh1Eda5GVYzWwS7cappzXx1|0x65bfd38a36b9a0c07c2abf8e61bae418e4df2f7a,1,0.0,0.0,112.251158,3.254254938331869e-05,0.9970386280061201
5X8eNQ6t8mUSe9Lv8GKbw429eR1VjL4FsP53mqezSfKP|0xcc7499a24985c231dfd10b1dcbe724e7250fc759,1,2.998085,2.998085,40.0,3.254254938331869e-05,0.9970711705555034
61bX3zCQE56RK9R9jTASfnFg2j8YkzzvniUDDzrCAY7w|0xb168aed534ddfe032004bd6e71543df5319db25a,1,-3.340644,3.340644,123.032461,3.254254938331869e-05,0.9971037131048868
624BKhy4ispNX1iQzsTJNLQqEWiMSNoa7Dxfg3oJrjXG|0xeb67b1c724343dde314c542e37298bd8eafea433,1,-1.294767,1.294767,98.782566,3.254254938331869e-05,0.9971362556542701
6BubEMn4r1AFwe8Wa22BzAcDvqDk6FHgLMHAp99w75TB|0xf081bf424b5b1c42012ff6b25913299a8cbe3249,1,-25288.793579,25288.793579,35284.544908,3.254254938331869e-05,0.9971687982036535
6NfxXxRxFwVAsGfHDae5YGtreEkxDCyB7gQNaz8We9Eg|0xb4bc96e686b5c4ebc17331e0c7fbee67f4b456ca,1,297.629394,297.629394,16.342284,3.254254938331869e-05,0.9972013407530368
6eRpuuTMznRhs35sSDZbSq3Mx6Uaukcxvq79xDNSN15P|0xd2e44e40b5fb960a8a74dd7b9d6b7f14b805b50d,1,0.0,0.0,0.0,3.254254938331869e-05,0.9972338833024201
6kV31DLBrmBvLqiemiMd1nJurrMVU2YGHMabChCroJma|0x6163d72658328e8a1b52bafae787eb0a3146c3b4,1,0.0,0.0,0.0,3.254254938331869e-05,0.9972664258518035
6sdcWNAsX5Z7u14vYFZtSqm7ch6ufTGp7jV9xGyhjP2E|0xfec99d2e811a76a2df6837f3b969824afe9200d7,1,0.128745,0.128745,225.193739,3.254254938331869e-05,0.9972989684011868
77wK6k9XiZSeBZoqEXKh38qgCHm6CR9GV9tk3KNREVgp|0xa9f7cea3ed2e664531a0d0eab5a3e328793b7ea1,1,201.990623,201.990623,102.236009,3.254254938331869e-05,0.9973315109505702
7LirPcBGA9kvEojgKB3BWP6W6jgNUNb9iykL1mnaGZch|0x4ef7890eeddf94d7a75115bbdc8e48b838735f9d,1,-154.297148,154.297148,226.620854,3.254254938331869e-05,0.9973640534999535
7QgQPtsZqs7dcckXyyWxsQJ9GHaLRwFGM7mGWjHg6DcM|0x090b9df1da4dd8caa3aab5817a657b64a073fb4f,1,-0.669489,0.669489,100.0,3.254254938331869e-05,0.9973965960493368
7QxQGzKGDjkKZRrXAS9A2o3xd1wfp7uqM1amrfEXjXv8|0x399dfaf2fe4366f55126185849683c7af379e91c,1,0.0,0.0,4672.214541,3.254254938331869e-05,0.9974291385987202
7Sjbu4wJMwiruVwiqWhdSuuCxRdLxXfPqfhfidQuHzV1|0xc9fbb83e839557ed6d2fd4bbee38f00f9596096c,1,0.0,0.0,1759.978873,3.254254938331869e-05,0.9974616811481035
7UPgTNwY8r75Yx3GtE65o2KhCRGXa8DcJxV1Vsv6oNvk|0x34748c3704468f4e2cff482c56270fefe0e8ae85,1,0.0,0.0,420.389903,3.254254938331869e-05,0.9974942236974869
7k4Ads1QePC2Zy2Kj5t8T1DDQVur49ZzTjMPoL9a7rJ8|0xe25988ad824b6b57587b514b0510c63f84ba6bd6,1,573.572653,573.572653,1065.690724,3.254254938331869e-05,0.9975267662468702
7k7VkMXJ936gzedo6pA89tZcwGrpmGqgvPT7REW2aUvE|0xdb8c42163337d82ce3d0bd153649a7a078f70cf3,1,0.0,0.0,999.935924,3.254254938331869e-05,0.9975593087962535
7mmoM17WDZfN5w8iiH9XMFHF1bnS5KdicHJe6JA7vexg|0xe0eed8681aac665c3377c6a2a824a2fa48ae95f6,1,-3.547754,3.547754,269.855214,3.254254938331869e-05,0.9975918513456369
7sr3ZEEKXfkkLF7Vqtxyq6Vk2K3NAz7AB5Rn3a9ftDTU|0x831dd901a1dc93e9a853da8a65fbc5b9b1a79999,1,-68.603883,68.603883,2000.0,3.254254938331869e-05,0.9976243938950202
53Jg6vLkLv5cxXXSEjG2Z2nA2fBW1Kkm6gzTg4ndQ3FR|0xbfc80468df050d2a73fe455d6b3e484caf00e12f,1,-6358.360639,6358.360639,10000.0,3.254254938331869e-05,0.9976569364444036
4udGRaRdxy63n1Kg2kSd5nEANhKCQGmsvtCbxxmmVBuA|0x30b94b872bfd9f3c5290ef841d232cffc70df871,1,-9.531677,9.531677,11.0,3.254254938331869e-05,0.9976894789937869
4fwnLHUH4EJEyneZD6aChHcBAmnpuZ7qnGv3Wmyk1BtJ|0x5ec1dcf2b4c98a7f547b57d84317100e58cb48f5,1,-4.976707,4.976707,10.0,3.254254938331869e-05,0.9977220215431702
3LPh9LN88kxSe3shxLZ2R4jiNmHh2U2F9h9TmVKjc18P|0x9e8311bc99814b273483a3eacd66e49931f54cc0,1,-2067672.99612,2067672.99612,2748703.40546,3.254254938331869e-05,0.9977545640925536
2Ckq6uEbe2ipgdA4iQZHoAVdV5LWBhphs9dhz7VPwhbk|0xa8cfb71568340507731b4acfecfc9ed23adc0ac4,1,0.0,0.0,300.0,3.254254938331869e-05,0.9977871066419369
2GS5jtpZ3EhZk9MgKuDupuxWb6jTPUZQNr9ZndLzniw4|0xea3b5b9d30495d00bb692e8b39ccff64e20ac528,1,-6.638253,6.638253,200.0,3.254254938331869e-05,0.9978196491913203
2MHgetBtc2Ao94AH6mQvAe9LsTQjpw2x4aqfqrJLGaLM|0x00000655388d579492cf53ca6f490eaa30711112,1,0.0,0.0,1015.98644,3.254254938331869e-05,0.9978521917407036
2MweG1FreN3gfNrQL8UqFwCQ9WazaoP52imAjUK2HAHR|0xe12f2fd6e46cbb104f7b6244f85b671cbac79e87,1,-0.166167,0.166167,1.0,3.254254938331869e-05,0.997884734290087
2UKa2eQAkoUD4Zeg6bFva6nxNUzRqtfT1QVMXybu2caS|0x776b3032449b0a0c8201e0175f8b694a9db364f9,1,-10.446739,10.446739,202.178525,3.254254938331869e-05,0.9979172768394703
2uK1WHsddYgikj5aHBuiy9STJRXnEPqvzk8R1etwuM5G|0x06ed76990a0e4161e3b6eef61a63ac461b03e030,1,0.0,0.0,1500.0,3.254254938331869e-05,0.9979498193888536
2uK1WHsddYgikj5aHBuiy9STJRXnEPqvzk8R1etwuM5G|0x33dab7837e63e1e6ab05b4c8e4537204be8357bd,1,0.0,0.0,0.0,3.254254938331869e-05,0.997982361938237
2wgPPZ7UPoQ1g9t2x6sASq2TqLAbvdX74purpD7ijExu|0x97561a6d3924bcc68f805fb888fdc9af68a48b01,1,0.0,0.0,512.464644,3.254254938331869e-05,0.9980149044876203
3C3VkRHBrWWEr39qwCUvSeKx43RMUJNFn7UXbPiecBdq|0xd914b6837b29ce6494fb75aaf1aee038f31b1b0f,1,0.0,0.0,0.0,3.254254938331869e-05,0.9980474470370037
3RZbv7oDCHB4MSDiyuBkXYrvBXdxUaBoSsNvYKwYycQQ|0xdb8c42163337d82ce3d0bd153649a7a078f70cf3,1,0.0,0.0,999.998097,3.254254938331869e-05,0.998079989586387
4e89QLXU13w3LnfYi3U2BfPTJVnDijwZ14t44QusmJ4W|0x1578f034078d5b5dc9d017af75779ae436048415,1,-490.241384,490.241384,1500.0,3.254254938331869e-05,0.9981125321357703
3SigdutT3u8nThcC39pM4vhefLU3phz6rYGLN4AeYtnn|0xbdf5faa9f33a2800792d239d1ad9881c13355c47,1,0.0,0.0,0.0,3.254254938331869e-05,0.9981450746851537
3Zy6HDRnca2mcoeWnKjogvsDGBWbch1b1uRpXkrznweB|0x23bdd996aad84ee73ce979ad6f3503ac1bfba953,1,0.0,0.0,2844.105839,3.254254938331869e-05,0.998177617234537
3r5jxrQMhEudt6FDrNyoPmYAKXCd2GBYRtHp6GZiYfUy|0xc57a70f9cd958101f7cde6053da2ac1a91dcad9c,1,0.0,0.0,148.901539,3.254254938331869e-05,0.9982101597839204
3tuLvxPvJbQxge6GNAKzUk6QBPntXHGDLMJCLJMpHgoV|0xfec99d2e811a76a2df6837f3b969824afe9200d7,1,-18.150673,18.150673,117.915928,3.254254938331869e-05,0.9982427023333037
3z7GcpBTdUKkD8SETJLAczt76bGP1xpJyidAbMg89dB5|0x48cce57c4d2dbb31eaf79575abf482bbb8dc071d,1,-48687.264349,48687.264349,61127.082561,3.254254938331869e-05,0.998275244882687
48JG8c8Uyknw9moycWPYbW5Kv65x1NKojS6yNG1Lu2Td|0x74c3a5fafcd7654e1889562f78e73125920e0f91,1,0.0,0.0,3090.349525,3.254254938331869e-05,0.9983077874320704
4HwUKeLwmAvhfchzzDnA3ymaJFKY1ndyS913R9CSqBD8|0xffeeb1732aeb273fcf4b6789553b6970da71cbaf,1,0.0,0.0,0.0,3.254254938331869e-05,0.9983403299814537
4PVjFEWmRYrUwzgZC3161upJrKWfckQfBsFrzg9bYaZd|0x6ca46f42ee75f8a46188420e6b2956f0533b1560,1,-1.842677,1.842677,931.243637,3.254254938331869e-05,0.9983728725308371
4curd7f6HRJkCjp7C2MpxZZFDee18mpxYNF6t5JWTNPA|0x8141f39507f13c3a1a94273c3fe993f4e80469b4,1,-11.245542,11.245542,640.0,3.254254938331869e-05,0.9984054150802204
8CzbDicXhiYoLeQXg7Jg9L6ULJEs7yLsufU9JNs5m6zq|0x30273fe97daa77d2345645982797c4cf9d1ba111,1,-67.755176,67.755176,999.185183,3.254254938331869e-05,0.9984379576296037
8HA1xm3BQfwtVPbXa85oRN6HYieVrHsQ4YGs32tmkhwG|0xfb3269c3e971ea905d528ebfb4a0833b364c5690,1,0.0,0.0,359848.245491,3.254254938331869e-05,0.9984705001789871
8QVc8dv6sXCVzAqa4A9f997Kc9H6mn1DToE7sNfeLemB|0x950d0273acd1e4810e84723dcd368bb49ecbf2da,1,2.367945,2.367945,599.80007,3.254254938331869e-05,0.9985030427283704
BrQtVXkJ1KqHChTqDgKLjY1MBpUVkiSjR5UNXjHzxbJe|0xfea897bbd3de561a148ad1d6e54823fd90c11409,1,-231.59932,231.59932,500.0,3.254254938331869e-05,0.9985355852777538
AmG2S7fAsxo549HGxY3mqrbbsRj4ZmTweSGJcUa8q3iG|0xb7d3f0a86fdba1aa43c0247a35129fadae799e21,1,21.73965,21.73965,467.757486,3.254254938331869e-05,0.9985681278271371
B6s4KQdpzhgvMLvLKf7fv9gvpw7JSHSBRkurH4tDLQuX|0x3a094483f8aeafadae2b74dfb0bb38665b09298b,1,112.958766,112.958766,1000.0,3.254254938331869e-05,0.9986006703765204
BAx6Vq5y5econAyStqQMoTacS8cC4jURKy69aWLwfMMq|0x44c94b0bf6ac054911e43fcfec33167e3c9bfcf0,1,0.0,0.0,0.0,3.254254938331869e-05,0.9986332129259038
BBcqr7Vuves2wDK4SNZWk4bwX9e5NnQQN1DFBpYHn2QY|0xc7ac513d04157a1d0c8da4dbe1cd307d27f0ad01,1,9.13915,9.13915,300.0,3.254254938331869e-05,0.9986657554752871
BDuxZMVTTjfjMNWRrzPcUGcuBrcWioH1yKvorQop3hGw|0x8eb3700c8d02abdfa6c4ca5976c7ba86be34422b,1,-1.156222,1.156222,12.883134,3.254254938331869e-05,0.9986982980246705
BeJTqKVXEbBxAdJiqBXviWi9vjBTGbds6jrsJWHajmNV|0x9560d8bf04ccb07a3ab35d0137c2f3f42da510ab,1,0.0,0.0,0.0,3.254254938331869e-05,0.9987308405740538
BexWWtHUT5odcmbjh7B3o8wQSbYrq1BSgEBg8wfAGYe8|0x1e753c22348ae4c244f6822fa132c1f2c844e8d7,1,22.122486,22.122486,1000.0,3.254254938331869e-05,0.9987633831234372
Bf4bhq8L3reTzSkq71mLVVSDrT58A4ergvdN4VEExN8S|0xb0a1f2545c53ac4818a9a55804c6e927fb0e001a,1,0.0,0.0,500.0,3.254254938331869e-05,0.9987959256728205
BobUDBHxeDr4yMd3fKKKHLqB4nWk7oyy3z4NnYocANzB|0x8520feed7cdc4905b7b5c3986b19642a456ce983,1,0.0,0.0,999.5,3.254254938331869e-05,0.9988284682222038
CCyhxQDiMnmBTBSCeGpLAM46Z3NmYL8ELjJF8TJkQ9Xm|0x8cc267eea0585f2b1c0c4aef864edbde13e45186,1,1.607067,1.607067,100.0,3.254254938331869e-05,0.9988610107715872
Ag1z3MR6oZEgFAHQP9JYVLgBewsLCk56BDi2p54rBabA|0xa913b7666d2b554c6bacd3c4f4875dade813baba,1,7.713362,7.713362,50000.0,3.254254938331869e-05,0.9988935533209705
CLx2WeDcuhMcq2opN62YRjtq6QEAj6LbxSozBe1gpb8L|0x7bb4a792e990313445b42ae334e0d7b9c7f24409,1,12.205886,12.205886,599.500001,3.254254938331869e-05,0.9989260958703539
CQZLzezeaFf5QkeJaXFctcEQJfoukhxuBHhzePFbqA5j|0x264f77488da36c006bae65f4abea5c8578ab93ee,1,4.827783,4.827783,1000.0,3.254254938331869e-05,0.9989586384197372
CkeHGqR1C2vMkW8Ez8orp5dJvwiEjWgqtUd9MASWSYJM|0xd78c323477500744214f662c15c82895a0bbdae9,1,0.0,0.0,0.0,3.254254938331869e-05,0.9989911809691205
CnuQPqF3L2K4G8n3cxtT4cuoNHPN13x98iYSgzsQei4v|0xe5d54f016180f5636ddd05da60553bd1da800490,1,-4.558006,4.558006,129.93932,3.254254938331869e-05,0.9990237235185039
CwHizKcdK4CQE1R1e4B72fSEBizwHKoSiFEaq1QhDU5U|0x410cdba924ab59347059cd0c8264b5349fa07637,1,0.0,0.0,0.0,3.254254938331869e-05,0.9990562660678872
CyRstbdfp6zLkrQCMT2T7JDZnNozy8a1ozPmQhxYCjgM|0xead3fc5f2359899bba8fa58da33ad7ed570dff6b,1,-11.612569,11.612569,300.0,3.254254938331869e-05,0.9990888086172706
D61fEAnxHfEksZqGd228jfNYw2nxZ75it7Z7gq514ZtX|0x40786472eddbf02e9ce122adef40bda90c20302c,1,7.834612,7.834612,400.0,3.254254938331869e-05,0.9991213511666539
D98bbGSrUrggVgeQuJ3JsitZuGy8ZZKceK2C2rcxT9Mz|0xe26e9ef03b37d6ad332bbc1ea7bf89a048904bd8,1,-51.185859,51.185859,1000.0,3.254254938331869e-05,0.9991538937160372
DByaCxsoDAwaC79iUWVgk35v8NRMQ8hVXhnLxfhcUsfW|0xc7777c1a0cf7e22c51b44f7ced65cf2a6b06dc5c,1,0.0,0.0,0.0,3.254254938331869e-05,0.9991864362654206
AiekwG2fLqq2WmNM2YK1dPDMXkRTBG5tzdWRRPFkZiLL|0x700074b5383fc45d743b4eddc644ccf41d3c0a60,1,70.319307,70.319307,400.0,3.254254938331869e-05,0.9992189788148039
AKHQkqBqqAu6F1hhYp9D4CYedHFgDTDu5ZZduYbXA9JA|0xc7e4f65c6aa87e611732a8577252ba0aedf08ea9,1,0.0,0.0,0.0,3.254254938331869e-05,0.9992515213641873
8QquE1jBq9REPiqnnw8om4xi6jLefEobCusYvUs18uFv|0xacff2c5034f126dde53242764f7318cc98413c98,1,-40055.917782,40055.917782,60000.0,3.254254938331869e-05,0.9992840639135706
9boKGYNVDQyWFUgxL2rne7kBaBfimd4vQK8NfByMFzZs|0xf714e941ff2c10491b977688875c11664e347309,1,49.956471,49.956471,200.022355,3.254254938331869e-05,0.999316606462954
8SGDBTRhDmDAM7kg7tBYno4SUdnQ69CTPgUWcnFxsbiW|0xe3efeb57f609f6865bb7624acfd07aa34fc5a7db,1,0.0,0.0,46.689341,3.254254938331869e-05,0.9993491490123373
8SWPeT7eMM1G3fLAnEYRfvBo1VVaTLasLyoLDZAE3nkG|0x3d0138135c0b0b23370ddfb04356de29216f8d21,1,0.0,0.0,0.0,3.254254938331869e-05,0.9993816915617206
8WMPDdtjL56PPn8tHwS3219h9AjqaXfLtqaCgLZV3mSJ|0xe4b698917fc69aeaf29c14b49e8bc209db1146bb,1,1.541686,1.541686,33.326609,3.254254938331869e-05,0.999414234111104
8dDRJcz3N8iFRukpot77dWn5Jc7rE9Yukfy3ASMVoqwP|0xadf1a20c14594ab10f1e6f42d2e7fc155eda3642,1,-14.733838,14.733838,300.0,3.254254938331869e-05,0.9994467766604873
8r7HZrMMxB4AKVEH2RFuFnVzqkkMMEJQMQSskvVJFNoZ|0xac7e04b9b3757cd94eaeec4abaa5b754ec2c0f88,1,-7000.772063,7000.772063,7366.88333,3.254254938331869e-05,0.9994793192098707
91CEXhBhFHTtBe87BW3aPsJ64uHMqEyZvSEYoTWJQigm|0x36afc84258345fe5e55cab79b9367cb2a5f65369,1,0.0,0.0,0.0,3.254254938331869e-05,0.999511861759254
9BtfQ4aAuEJhGPSTkwuDG9KWjkUwc78bAcE5SWAKT28P|0xb7a472377f8643cdb7b962421f0b71127e4051ca,1,-6.995581,6.995581,50.0,3.254254938331869e-05,0.9995444043086373
9DF75P3LdUQVvwwe8TYHwUr5FTfurwARWxinATwM3GmT|0x8a275c429857051a45ee32cc190eba9b7acf79bf,1,16.50576,16.50576,1000.0,3.254254938331869e-05,0.9995769468580207
9Vt5barLZwE217NKvMFT6LoB4T2mHoTtu6ugFT29TxYL|0xbd955e292daa175bd7148810e2e2fe571a85cc8a,1,-1.570104,1.570104,500.0,3.254254938331869e-05,0.999609489407404
9sLL7aqX9nC5PjV3RChvsXBqzp1bD872RirZxpjrDKBs|0x54dfe9560bc4a7fa04a4cf7e6e1148bfe3ff27e7,1,0.0,0.0,250.0,3.254254938331869e-05,0.9996420319567874
AKHQkqBqqAu6F1hhYp9D4CYedHFgDTDu5ZZduYbXA9JA|0xc78eea9c474d22a3f0875c9a06b431416cd7854b,1,0.0,0.0,0.0,3.254254938331869e-05,0.9996745745061707
9yF7AqSaJmRwd3XC41E1d4rG2MikaHyMXCLEgq9udXJZ|0x1ed66234a2a16d83667c563ecb61950be50b9f5c,1,-1171.025477,1171.025477,1176.548504,3.254254938331869e-05,0.999707117055554
9zS4PFfvZds4VRFfvmDpqykwU9YJFCzt4WweswySkJQq|0x902935d415ed38a5a033f09eb88076e45beab1ca,1,7.043315,7.043315,1839.075868,3.254254938331869e-05,0.9997396596049374
A26SU9Wyxha66ocU6pwxLGs7S1Mrg83k6dJWxMcEQWmW|0x75675581336a8abf1fb724d881dd634c785c6eec,1,0.0,0.0,600.0,3.254254938331869e-05,0.9997722021543207
A3386wuo8Lu86zyLpFp7sbyHPvRdxt9WtDhCm4VUQTJc|0xe2569f956e37c071ea7de60eddd1e90d0f26929a,1,7.668907,7.668907,500.0,3.254254938331869e-05,0.9998047447037041
A7xY8TVzjTWsxZJe38BGNGcVykTgs7G7sSSXeLvxTidC|0xa0c059b3f71a9ae87b4b623639c153874a6ab91d,1,-22.122685,22.122685,38.922434,3.254254938331869e-05,0.9998372872530874
A8Ydfv3NmNBfh6gnWat31S193DkKsaH1U6WDwWPiniVV|0x879a46886d1c3bedfd51881ebe0e5c7fae191277,1,6.837829,6.837829,400.0,3.254254938331869e-05,0.9998698298024707
23GC6M7zGAK2cxFEGFXnS6M2kcCqRJZMHfiS3knwZKTe|0xb4d25c9a7bdef5955132a3c5e7fbbd6e693a55f8,1,37.354138,37.354138,400.0,3.254254938331869e-05,0.9999023723518541
ADXYqtdPY4NTTQB8NqyMQSvx6sgg2JiTppM8BSfgtqLe|0x0d0d4cc8272ce6267c848f352fcc604497c2a1f5,1,25.298094,25.298094,250.0,3.254254938331869e-05,0.9999349149012374
AHJw5tFsa2nQUfWntfHvMRwKyyd3vgDwBeb6n2oHQhrx|0xdf9806ccd67b1f53e688cf963391343fdc9c5b73,1,0.0,0.0,4000.0,3.254254938331869e-05,0.9999674574506208
A8Ydfv3NmNBfh6gnWat31S193DkKsaH1U6WDwWPiniVV|0xf2476d3d5697ebf5602c928c98427923e0441345,1,334.98479,334.98479,400.0,3.254254938331869e-05,1.000000000000004
